transaction_id,transaction_timestamp,store_id,product_id,quantity,unit_price,discount,total_amount,currency
T00112,2024-06-05 16:44:16+00:00,S041,P0017,0,206.71,1.15,-1.15,USD
T00679,2024-06-05 10:02:06-04:00,S001,P0088,1,109.05,13.36,95.69,INR
T00450,2024-06-05 12:06:45+05:30,S015,P0016,2,40.41,17.52,63.3,USD
T00421,2024-06-05 03:22:23+00:00,S002,P0171,2,149.42,15.37,283.47,USD
T01200,2024-06-04 14:09:21+00:00,INVALID_STORE,,3,18.71,2.3,53.83,USD
T00504,2024-06-05 16:22:40+05:30,S013,P0172,2,266.76,14.38,519.14,USD
T00694,2024-06-04 08:04:49+05:30,S020,P0192,1,251.12,2.74,248.38,EUR
T00134,2024-06-05 07:34:56+05:30,S044,P0131,2,282.94,19.54,546.34,USD
T00501,2024-06-05 22:19:21+05:30,S036,P0134,-1,119.68,7.49,-127.17,INR
T01041,2024-06-04 09:12:30-04:00,S036,P0167,2,105.03,1.07,208.99,INR
T01043,2024-06-05 22:58:21+00:00,S035,P0090,0,188.32,3.35,-3.35,INR
T01191,2024-06-04 19:32:22+00:00,S015,P0031,-1,211.41,14.31,-225.72,USD
T00627,2024-06-04 15:55:03+00:00,S029,P0197,2,269.52,9.04,530.0,INR
T00472,2024-06-05 01:36:03-04:00,INVALID_STORE,P0188,3,169.66,2.69,531.2927391936402,INR
T00784,2024-06-04 19:52:50+05:30,S019,P0026,5,135.43,7.35,669.8,INR
T00567,2024-06-04 05:41:28+05:30,S031,P0003,1,,10.04,85.37,USD
T00391,2024-06-04 19:59:09-04:00,S009,P0030,3,67.03,6.58,194.51,EUR
T00710,2024-06-04 20:31:24+00:00,S045,P0107,0,167.51,5.22,-5.22,USD
T00467,2024-06-05 04:56:43+05:30,S002,P0174,5,199.69,19.79,978.66,EUR
T00642,2024-06-04 06:15:11+05:30,S026,P0025,-1,229.71,14.45,-244.16,INR
T00626,2024-06-04 09:20:45-04:00,INVALID_STORE,P0092,5,257.35,0.6,1286.15,INR
T00614,2024-06-05 15:08:49+00:00,S016,P0106,2,,13.72,249.38,USD
T01176,2024-06-05 19:54:33+00:00,S003,P0020,2,293.4,19.89,566.91,EUR
T00624,2024-06-05 08:52:47+05:30,S011,P0047,5,64.62,2.17,320.93,EUR
T00422,2024-06-04 20:40:01+05:30,S020,P0141,-1,151.7,3.73,-107.09524497892534,INR
T00322,2024-06-05 04:28:45+05:30,S037,P0173,-1,13.2,6.54,-19.74,INR
T00326,2024-06-05 10:34:20-04:00,S011,P0116,2,47.68,4.11,91.25,EUR
T00132,2024-06-05 08:27:25+00:00,S016,P0129,0,143.1,4.03,-4.03,EUR
T00935,2024-06-04 20:57:54+00:00,S020,P0007,5,143.46,11.52,705.78,EUR
T00938,2024-06-05 07:27:46+00:00,S036,P0132,2,130.37,3.59,257.15,INR
T01102,2024-06-04 19:56:08+00:00,S025,P0010,0,284.25,4.79,-4.79,USD
T00157,2024-06-05 02:51:00+05:30,S027,P0113,5,129.27,15.24,631.11,USD
T00781,2024-06-05 09:38:05+00:00,S011,P0187,3,70.14,0.89,243.2789980552484,USD
T00993,2024-06-05 09:48:19+00:00,S041,P0043,3,43.26,18.34,111.44,INR
T00206,2024-06-04 01:18:55+05:30,S014,P0056,2,146.53,5.58,287.48,USD
T00365,2024-06-05 02:04:30+05:30,S027,P0088,0,231.44,13.55,-13.55,INR
T00800,2024-06-04 07:29:06-04:00,S011,P0108,0,,12.7,-12.7,INR
T00033,2024-06-04 06:39:16+00:00,INVALID_STORE,,2,279.36,7.49,551.23,EUR
T00343,2024-06-04 12:13:29+05:30,S045,P0051,0,28.32,19.17,23.422328730004125,EUR
T00248,2024-06-05 07:09:26+05:30,S002,P0038,0,64.97,4.14,-4.14,INR
T00571,2024-06-04 04:48:25-04:00,S009,,0,101.71,7.78,-7.78,INR
T01166,2024-06-05 15:02:36+05:30,S012,P0114,3,232.59,9.99,687.78,EUR
T00681,2024-06-04 09:40:47+05:30,S019,P0167,0,122.68,18.49,-18.49,EUR
T00784,2024-06-05 08:41:19-04:00,S015,P0037,5,29.58,0.35,147.55,USD
T00878,2024-06-04 17:12:49+05:30,S039,P0171,2,16.15,15.18,17.12,INR
T00909,2024-06-05 19:33:01-04:00,S050,P0113,2,53.98,4.09,150.4234112799084,USD
T00470,2024-06-04 01:43:31-04:00,S034,P0196,-1,239.62,8.3,-247.92,EUR
T01068,2024-06-05 03:46:44+00:00,S028,P0056,2,242.42,13.93,470.91,INR
T00258,2024-06-04 14:52:15+05:30,S015,P0130,1,286.56,1.04,285.52,USD
T00405,2024-06-04 11:57:13+05:30,S035,P0182,2,157.15,8.52,305.78,EUR
T00164,2024-06-05 11:02:16+00:00,S045,P0148,5,290.64,4.03,1449.17,EUR
T00041,2024-06-05 11:05:53+00:00,S046,P0047,-1,223.13,15.21,-238.34,INR
T00950,2024-06-05 03:42:12+00:00,S023,P0069,-1,165.79,11.06,-176.85,USD
T00009,2024-06-04 13:48:29+05:30,S044,P0158,3,49.63,9.39,139.5,INR
T00631,2024-06-05 11:38:52-04:00,S046,P0113,5,282.68,19.41,1393.99,USD
T00714,2024-06-04 18:35:14-04:00,S018,P0133,5,280.32,3.25,1398.35,USD
T00071,2024-06-05 10:47:12+00:00,S016,P0133,0,121.75,8.48,-8.48,EUR
T00507,2024-06-04 18:31:00-04:00,S009,P0063,2,85.79,9.11,162.47,USD
T00165,2024-06-05 18:40:58-04:00,S020,P0152,1,196.88,18.34,178.54,INR
T00631,2024-06-05 03:52:25-04:00,S024,P0051,3,210.63,10.01,621.88,USD
T00551,2024-06-04 10:23:31-04:00,S004,P0155,1,194.49,15.53,178.96,USD
T00854,2024-06-05 14:13:35-04:00,S009,P0029,2,246.75,0.03,529.8042518270223,USD
T00923,2024-06-04 08:01:38-04:00,S023,P0016,0,48.96,9.73,-9.73,USD
T00224,2024-06-05 21:38:41-04:00,S010,P0025,2,85.21,18.05,152.37,INR
T00020,2024-06-04 07:20:26+05:30,S018,P0078,1,109.22,11.71,97.51,USD
T00545,2024-06-05 13:52:14+00:00,S024,P0146,1,71.21,15.84,55.37,INR
T00817,2024-06-05 02:18:09+00:00,S030,P0093,0,268.14,19.99,-19.99,USD
T00053,2024-06-04 10:06:42-04:00,S003,P0073,1,142.51,13.97,128.54,USD
T00847,2024-06-05 13:29:41-04:00,S038,P0105,3,141.06,13.72,409.46,INR
T00910,2024-06-04 23:42:14+05:30,S025,P0023,1,193.8,17.47,176.33,USD
T00206,2024-06-05 23:56:19-04:00,S037,P0170,3,134.1,18.63,383.67,EUR
T00618,2024-06-04 06:20:30-04:00,S028,P0112,-1,237.61,14.33,-224.53337245779534,INR
T00184,2024-06-04 12:24:37+05:30,S036,P0151,1,149.83,10.81,139.02,INR
T00253,2024-06-05 10:40:59-04:00,S037,P0083,5,232.23,4.41,1156.74,USD
T00133,2024-06-05 19:44:24-04:00,S021,P0166,0,106.51,4.48,-4.48,EUR
T00478,2024-06-05 07:49:07+05:30,S050,P0042,5,199.64,15.7,982.5,INR
T00754,2024-06-05 17:42:46+05:30,S044,P0181,0,181.74,3.76,-3.76,USD
T00655,2024-06-05 06:51:10+00:00,S020,P0119,3,27.95,10.71,73.14,EUR
T00297,2024-06-04 23:00:18+00:00,S028,P0148,-1,181.33,2.13,-140.1037088643974,EUR
T00656,2024-06-04 02:30:03+00:00,S042,P0199,3,52.3,13.31,143.59,EUR
T00121,2024-06-05 03:25:51+00:00,S008,P0165,-1,148.7,16.57,-165.27,USD
T00803,2024-06-05 11:29:56+00:00,S048,P0196,0,223.36,18.46,-18.46,USD
T00802,2024-06-05 01:21:46+00:00,S003,P0018,-1,123.76,8.45,-132.21,USD
T00111,2024-06-05 18:15:44-04:00,S004,P0151,0,258.31,7.88,-7.88,INR
T00019,2024-06-04 14:14:49+00:00,S028,P0180,0,149.91,17.94,-17.94,USD
T00197,2024-06-04 04:06:06+00:00,S034,P0024,5,285.62,8.54,1419.56,EUR
T00502,2024-06-05 05:25:04+05:30,S035,P0171,0,108.16,8.68,-8.68,EUR
T00184,2024-06-05 23:57:06+00:00,S014,P0017,2,199.31,7.51,391.11,EUR
T00461,2024-06-05 13:07:07+05:30,S003,P0190,5,116.52,2.4,607.2148298432188,EUR
T00889,2024-06-05 22:56:17+00:00,S011,P0050,0,37.42,11.86,-11.86,EUR
T01086,2024-06-05 15:03:38+00:00,S028,P0186,2,127.55,14.01,241.09,EUR
T00371,2024-06-04 08:32:36-04:00,S047,,1,228.52,4.15,224.37,INR
T01152,2024-06-04 06:23:41+00:00,S035,,1,21.35,11.5,9.85,EUR
T00001,2024-06-05 23:55:32+05:30,S040,P0018,3,115.43,10.89,335.4,INR
T01071,2024-06-04 22:47:14+00:00,S005,P0198,0,164.89,2.8,-2.8,EUR
T00275,2024-06-04 15:40:16-04:00,S032,P0103,1,78.76,3.76,75.0,EUR
T00335,2024-06-05 23:18:53+00:00,S034,P0066,-1,132.38,11.0,-143.38,EUR
T00395,2024-06-05 22:06:08-04:00,S043,P0029,2,165.41,1.41,329.41,EUR
T00777,2024-06-05 07:34:32+05:30,S012,P0166,2,131.71,3.07,260.35,EUR
T00744,2024-06-04 06:28:44+00:00,S040,P0005,1,208.35,8.14,200.21,INR
T00253,2024-06-04 07:38:45+05:30,S027,P0159,1,38.4,19.59,18.81,INR
T00556,2024-06-05 16:09:43-04:00,S015,,1,163.4,14.01,149.39,INR
T01130,2024-06-05 14:42:57-04:00,S007,P0085,2,110.1,14.83,205.37,INR
T00776,2024-06-04 10:23:20-04:00,S021,P0086,1,209.13,14.26,194.87,INR
T00375,2024-06-05 09:20:06+00:00,S050,P0123,0,235.48,13.56,-13.56,INR
T00626,2024-06-04 16:39:29-04:00,S040,P0034,5,160.97,14.37,790.48,INR
T00339,2024-06-04 06:49:05-04:00,S028,P0041,1,194.06,1.53,192.53,INR
T00983,2024-06-04 09:56:03+00:00,S009,P0085,1,289.03,8.48,280.55,EUR
T00871,2024-06-04 00:31:51-04:00,S005,P0030,1,127.59,12.33,115.26,EUR
T01073,2024-06-04 12:16:19+05:30,S048,P0067,-1,208.38,0.85,-209.23,INR
T00693,2024-06-04 08:14:43-04:00,S003,P0011,1,132.59,7.58,125.01,USD
T01165,2024-06-05 21:57:39+00:00,S043,P0190,3,96.76,5.87,284.41,EUR
T01000,2024-06-05 20:58:59+05:30,S040,P0154,-1,249.46,0.71,-250.17,INR
T00019,2024-06-05 01:48:58+05:30,S013,P0043,1,11.49,17.8,-6.31,USD
T00513,2024-06-05 23:48:52+05:30,S001,P0148,5,45.91,9.75,219.8,USD
T00332,2024-06-05 07:59:34+05:30,S017,P0173,-1,245.35,2.17,-247.52,EUR
T00679,2024-06-05 06:39:37+05:30,S046,P0088,2,42.09,5.7,78.48,EUR
T00666,2024-06-04 09:16:46+00:00,S043,P0091,3,44.45,9.78,123.57,INR
T00028,2024-06-05 12:24:32-04:00,S034,P0200,2,41.82,2.16,93.479389495592,EUR
T00879,2024-06-04 06:00:56+05:30,S024,P0024,0,12.33,9.6,-9.6,INR
T00407,2024-06-05 07:15:01+00:00,S017,P0159,1,260.61,19.89,240.72,EUR
T00305,2024-06-05 22:12:04+05:30,S023,P0088,-1,62.54,19.85,-82.39,USD
T01076,2024-06-05 05:39:30+00:00,S047,P0001,2,133.63,12.33,262.2229914453318,INR
T00575,2024-06-05 02:28:29+00:00,S010,P0137,5,27.79,8.54,140.3624727248853,USD
T00967,2024-06-04 20:46:34+00:00,S043,P0016,1,10.16,13.21,-3.05,INR
T00267,2024-06-05 16:10:42+00:00,S003,P0057,3,106.94,2.23,318.59,EUR
T00787,2024-06-05 18:32:57+05:30,S036,P0097,-1,185.37,4.77,-190.14,USD
T00396,2024-06-04 13:52:01-04:00,S050,P0022,1,180.1,18.24,161.86,EUR
T00315,2024-06-05 14:51:08+05:30,S033,P0036,3,97.43,9.48,282.81,EUR
T00139,2024-06-05 07:45:27+00:00,S002,P0126,3,269.52,8.97,799.59,USD
T01160,2024-06-04 03:18:33+05:30,S048,P0185,2,183.75,13.93,353.57,INR
T00897,2024-06-04 12:03:09-04:00,S033,P0022,5,208.56,17.41,1025.39,INR
T01051,2024-06-04 00:38:42+00:00,S036,P0074,2,63.38,3.2,123.56,USD
T01093,2024-06-04 03:19:17+05:30,S016,P0164,3,215.39,11.04,635.13,INR
T00431,2024-06-04 18:07:55-04:00,S019,P0032,2,88.43,15.81,161.05,INR
T00837,2024-06-04 09:43:45-04:00,S025,P0057,3,34.14,14.11,88.31,USD
T01101,2024-06-04 01:08:19-04:00,S004,P0068,3,73.59,19.3,201.47,USD
T01129,2024-06-05 21:36:02+05:30,S041,P0046,0,226.27,7.64,-7.64,EUR
T00889,2024-06-04 16:52:24+00:00,S026,P0160,0,244.24,15.06,-15.06,INR
T00578,2024-06-04 13:08:12+05:30,S032,P0016,2,246.52,3.52,489.52,EUR
T00825,2024-06-05 09:08:01+05:30,S014,P0183,-1,64.48,2.87,-67.35,USD
T00090,2024-06-04 00:59:12+05:30,S046,P0152,-1,38.92,7.68,-46.6,EUR
T01111,2024-06-04 07:44:36-04:00,S022,P0129,-1,13.91,19.33,-33.24,USD
T00680,2024-06-04 22:22:59+00:00,S013,P0181,5,230.3,17.85,1133.65,EUR
T00211,2024-06-04 21:36:28-04:00,S034,P0199,-1,,16.5,-62.19,USD
T00463,2024-06-04 20:53:15-04:00,S034,P0098,1,75.74,7.71,68.03,USD
T00732,2024-06-04 20:31:15+05:30,S017,P0075,5,59.17,2.2,293.65,USD
T00372,2024-06-05 19:39:44-04:00,S028,P0197,1,185.31,3.56,181.75,EUR
T00544,2024-06-05 02:52:40-04:00,S023,P0045,3,111.03,2.08,331.01,USD
T00138,2024-06-05 10:50:18+05:30,S030,P0061,0,52.51,2.96,-2.96,USD
T01013,2024-06-04 23:15:06+00:00,S047,P0012,3,298.48,3.64,891.8,EUR
T00858,2024-06-05 03:54:09-04:00,S010,P0022,3,50.08,18.88,131.36,USD
T00179,2024-06-04 15:58:17+05:30,S003,P0041,5,34.25,14.3,156.95,INR
T00740,2024-06-05 01:26:19+05:30,S011,P0037,-1,147.44,2.67,-150.11,INR
T00294,2024-06-04 08:32:12+00:00,S007,P0070,2,71.11,4.49,137.73,USD
T00324,2024-06-05 19:14:54+05:30,S050,P0100,0,40.74,11.63,-11.63,USD
T00287,2024-06-05 10:12:26-04:00,S035,P0025,-1,251.01,8.33,-259.34,EUR
T00066,2024-06-04 04:22:08-04:00,S034,P0078,3,,12.9,413.35699998449485,INR
T01172,2024-06-04 18:47:27-04:00,S002,P0095,0,284.99,9.09,-9.09,INR
T00821,2024-06-04 15:25:38-04:00,S011,P0022,1,161.24,19.56,141.68,EUR
T00830,2024-06-04 22:48:20+00:00,S033,P0067,-1,254.1,16.33,-270.43,USD
T00058,2024-06-05 00:25:41+05:30,S023,P0118,3,41.44,1.56,122.76,EUR
T00067,2024-06-05 22:29:09+05:30,S010,P0082,1,229.39,6.18,223.21,EUR
T00731,2024-06-04 00:37:02+00:00,S006,P0153,5,23.25,6.29,109.96,INR
T00835,2024-06-05 00:07:33-04:00,S020,P0185,0,113.19,2.59,-2.59,USD
T00595,2024-06-04 02:43:26+05:30,S042,P0115,-1,240.86,9.54,-250.4,USD
T00330,2024-06-04 10:15:26-04:00,S041,P0070,0,77.16,4.31,-4.31,INR
T00082,2024-06-05 07:22:38-04:00,S033,P0027,5,237.75,6.78,1181.97,EUR
T00200,2024-06-05 12:13:42+05:30,S025,P0077,-1,31.75,3.05,-34.8,USD
T00140,2024-06-04 11:45:29+00:00,S023,P0045,5,37.29,6.27,180.18,EUR
T00288,2024-06-05 08:11:19+05:30,S030,P0136,5,84.8,9.47,414.53,INR
T00752,2024-06-05 08:06:00-04:00,S048,P0078,5,128.62,12.39,630.71,EUR
T00117,2024-06-04 03:06:27-04:00,S018,P0175,5,156.72,5.26,778.34,USD
T00457,2024-06-04 05:18:50+00:00,S025,P0058,1,94.29,3.16,91.13,INR
T00222,2024-06-04 13:07:37+00:00,S050,P0108,0,165.18,16.37,-16.37,INR
T00235,2024-06-05 10:40:38+00:00,S039,P0130,3,298.97,9.73,887.18,USD
T00128,2024-06-05 03:41:29+00:00,S048,P0184,0,71.91,11.36,-11.36,USD
T00361,2024-06-05 22:17:21+05:30,S039,P0042,1,286.27,13.67,272.6,EUR
T00377,2024-06-04 18:53:32+05:30,S004,P0020,5,262.67,10.5,1302.85,INR
T00330,2024-06-05 14:59:39-04:00,S042,P0160,2,67.6,18.84,116.36,USD
T00297,2024-06-05 20:53:35+00:00,S020,P0078,-1,237.09,11.94,-213.97168802326902,EUR
T01023,2024-06-04 10:44:22+00:00,S045,P0200,0,101.79,3.01,-3.01,EUR
T00921,2024-06-04 09:09:16-04:00,S039,P0095,0,11.07,9.01,-9.01,USD
T00713,2024-06-04 15:44:19+05:30,S031,P0007,5,211.97,15.49,1044.36,USD
T00256,2024-06-05 12:33:38-04:00,S026,P0123,3,246.0,0.32,737.68,INR
T00233,2024-06-05 00:27:14+05:30,S004,P0034,3,250.17,8.52,741.99,USD
T00581,2024-06-05 07:51:26-04:00,S039,P0022,-1,136.4,5.7,-142.1,USD
T01017,2024-06-04 07:32:57-04:00,S041,P0089,1,36.0,0.33,35.67,INR
T00434,2024-06-05 06:37:48+05:30,S016,P0118,-1,178.56,0.65,-179.21,INR
T00811,2024-06-05 22:57:26+05:30,S042,P0043,1,111.68,15.88,95.8,INR
T00495,2024-06-05 06:11:55+05:30,S016,P0194,0,,16.77,-16.77,USD
T00687,2024-06-04 23:07:03+05:30,S001,P0187,3,253.82,10.38,751.08,INR
T00264,2024-06-05 07:14:46-04:00,S025,P0036,2,188.72,7.87,416.50731647732414,INR
T01033,2024-06-04 09:11:56+05:30,S021,P0052,-1,55.95,4.62,-60.57,EUR
T00192,2024-06-04 06:47:26+05:30,S007,P0034,3,252.83,3.18,755.31,USD
T00930,2024-06-04 09:30:22-04:00,S035,P0018,-1,215.2,18.41,-211.40178178952604,USD
T00534,2024-06-05 03:31:58-04:00,S036,P0031,3,66.21,16.81,181.82,USD
T00252,2024-06-05 19:23:30+05:30,S001,P0002,0,295.59,17.34,-17.34,USD
T01006,2024-06-04 07:19:50+05:30,S041,P0079,5,254.94,18.25,1256.45,USD
T00330,2024-06-05 08:49:55+05:30,S049,P0157,0,131.77,17.79,-17.79,EUR
T00992,2024-06-05 01:15:07-04:00,S013,,-1,257.89,2.34,-260.23,INR
T00443,2024-06-04 11:05:36+00:00,S015,P0194,1,65.93,0.59,93.36851244243417,USD
T00409,2024-06-05 11:04:01+05:30,S005,P0191,1,221.05,18.8,202.25,EUR
T00355,2024-06-04 18:12:40+05:30,S050,P0004,5,136.46,18.93,663.37,INR
T01000,2024-06-04 14:59:17+00:00,S046,P0039,1,179.26,15.33,163.93,INR
T00766,2024-06-05 01:41:54-04:00,S032,P0118,-1,41.19,7.66,-48.85,EUR
T01087,2024-06-05 22:58:28+00:00,S036,P0195,3,180.19,5.87,534.7,INR
T00298,2024-06-05 03:05:08+00:00,S021,P0135,2,,1.45,226.05,INR
T00136,2024-06-05 16:53:50+00:00,S016,P0071,2,144.96,15.9,274.02,EUR
T01176,2024-06-04 05:26:54-04:00,S045,P0122,3,217.72,18.93,634.23,INR
T00863,2024-06-04 19:58:56+05:30,S006,P0027,2,67.17,16.05,118.29,INR
T00010,2024-06-05 17:55:31+00:00,S038,P0175,2,177.16,5.7,348.62,EUR
T00617,2024-06-05 06:13:30+00:00,S005,P0199,-1,21.34,12.9,-24.959608200019154,INR
T01011,2024-06-05 09:06:05-04:00,S008,P0021,5,187.57,7.87,929.98,EUR
T00893,2024-06-04 23:30:35+05:30,S041,P0163,1,18.49,0.96,27.261106234411272,INR
T00089,2024-06-04 18:54:35+05:30,INVALID_STORE,P0088,-1,296.97,18.68,-315.65,EUR
T01195,2024-06-04 10:01:53+00:00,S050,P0177,-1,239.57,7.59,-247.16,EUR
T01184,2024-06-04 17:30:51+00:00,S012,P0008,5,194.7,13.36,960.14,EUR
T00723,2024-06-04 06:01:44-04:00,S035,P0179,5,75.49,5.28,372.17,USD
T00959,2024-06-04 15:44:18+00:00,S009,P0095,0,32.62,19.44,-13.849235193040574,EUR
T00316,2024-06-05 09:03:39-04:00,S049,P0053,-1,159.04,6.27,-165.31,INR
T00141,2024-06-04 13:41:10+00:00,S046,P0166,5,261.68,10.27,1298.13,EUR
T00493,2024-06-04 08:01:28+05:30,S002,P0014,0,,9.22,-9.22,EUR
T00726,2024-06-04 06:07:17+00:00,S044,P0186,-1,141.27,5.31,-146.58,INR
T00398,2024-06-05 06:46:19+00:00,S036,P0007,1,137.99,7.4,152.8035137985652,EUR
T00450,2024-06-04 08:05:19+05:30,S006,,5,160.4,2.18,816.0224910237919,USD
T00803,2024-06-05 05:27:32+00:00,S020,P0050,-1,39.3,4.53,-43.83,INR
T00590,2024-06-04 20:58:15-04:00,INVALID_STORE,P0013,5,69.65,15.71,332.54,EUR
T00646,2024-06-04 12:23:45-04:00,S040,P0101,5,224.34,17.05,1104.65,USD
T00350,2024-06-04 05:36:19-04:00,S017,,1,203.15,8.56,243.4366884335313,INR
T00036,2024-06-04 03:17:22-04:00,S009,P0161,-1,10.29,17.46,-27.75,EUR
T00927,2024-06-05 00:26:35+00:00,S023,P0188,2,228.95,15.51,483.5651678074031,INR
T01061,2024-06-05 00:18:07-04:00,S014,P0120,3,115.64,0.27,346.65,USD
T00291,2024-06-04 16:02:18+00:00,S044,P0104,3,208.88,14.56,661.1186846919683,INR
T00222,2024-06-05 03:30:32+00:00,S028,P0093,3,69.83,1.79,207.7,INR
T00801,2024-06-05 00:07:00-04:00,S032,P0044,-1,60.74,18.21,-78.95,USD
T00932,2024-06-05 07:33:48-04:00,S043,P0093,-1,160.82,6.87,-167.69,USD
T00594,2024-06-05 14:05:50-04:00,S012,P0189,5,278.9,2.94,1391.56,USD
T00253,2024-06-05 19:11:10+05:30,S029,,3,14.52,0.82,42.74,USD
T01149,2024-06-05 12:33:14+05:30,S017,P0029,1,82.92,7.0,75.92,EUR
T00970,2024-06-04 02:20:24+00:00,S007,P0109,2,135.29,18.37,252.21,INR
T01155,2024-06-04 12:37:10+00:00,S012,P0014,1,268.98,18.4,250.58,EUR
T00176,2024-06-04 22:12:32+00:00,S006,P0080,2,82.51,8.33,156.69,INR
T00733,2024-06-05 12:41:12+00:00,S012,P0038,5,37.85,10.53,178.72,INR
T00288,2024-06-04 06:26:21-04:00,S017,P0099,1,274.64,0.53,274.11,INR
T00805,2024-06-04 03:53:54+05:30,S045,,2,190.06,18.0,362.12,EUR
T00220,2024-06-05 23:19:22+00:00,S021,P0163,5,253.37,1.69,1265.16,EUR
T00109,2024-06-05 13:11:48-04:00,S025,P0197,3,260.65,2.43,779.52,INR
T00637,2024-06-04 21:54:37-04:00,S049,,2,74.83,13.51,136.15,EUR
T01065,2024-06-04 08:48:48+05:30,S015,P0056,2,,0.0,86.54,EUR
T00377,2024-06-05 11:13:24+05:30,S029,P0080,5,123.31,18.52,598.03,EUR
T00045,2024-06-05 22:19:35+05:30,S002,P0195,5,259.2,12.34,1283.66,EUR
T00205,2024-06-04 21:04:37-04:00,S020,P0181,0,212.89,4.01,-4.01,EUR
T00937,2024-06-04 20:38:17+05:30,S033,,1,144.55,16.27,128.28,EUR
T00959,2024-06-04 10:08:37-04:00,S007,,0,269.03,12.4,33.417629590352696,EUR
T00129,2024-06-05 13:21:31+05:30,S015,P0020,-1,71.13,18.05,-89.18,INR
T00621,2024-06-05 23:56:47+00:00,S003,P0182,5,217.4,15.73,1071.27,INR
T01077,2024-06-05 23:58:48+00:00,S029,P0017,-1,201.1,11.52,-212.62,INR
T00475,2024-06-04 11:35:27+05:30,S014,P0093,-1,189.07,8.08,-153.80859670952344,INR
T00216,2024-06-04 17:13:47+05:30,S008,P0122,2,294.59,16.17,573.01,USD
T00905,2024-06-04 05:18:25+00:00,S048,P0047,1,187.45,2.29,185.16,INR
T01140,2024-06-05 17:46:52+05:30,S044,P0139,1,212.63,7.55,205.08,USD
T00177,2024-06-04 14:00:09-04:00,INVALID_STORE,P0025,2,225.22,8.68,441.76,USD
T00148,2024-06-05 15:48:02+00:00,S034,P0078,2,269.05,7.19,530.91,EUR
T01026,2024-06-05 10:29:46+00:00,S032,P0124,-1,153.89,16.65,-170.54,USD
T00611,2024-06-05 13:39:53+05:30,S037,P0109,5,133.98,7.52,670.8964712795888,INR
T00800,2024-06-04 18:18:18-04:00,S003,P0178,1,74.97,18.81,56.16,INR
T01025,2024-06-05 20:30:34+00:00,S002,P0117,1,164.98,4.83,160.15,USD
T00067,2024-06-04 02:10:58+00:00,S007,P0050,-1,146.58,18.35,-164.93,USD
T00483,2024-06-04 04:32:19+00:00,S036,P0035,2,69.23,16.34,122.12,EUR
T00166,2024-06-05 20:35:45-04:00,S015,P0100,1,110.3,1.42,108.88,USD
T00622,2024-06-05 10:46:38+05:30,INVALID_STORE,P0076,1,154.01,4.5,149.51,USD
T01132,2024-06-04 01:19:03+00:00,S028,P0118,-1,186.36,7.59,-193.95,INR
T00754,2024-06-05 20:49:49+00:00,S042,P0173,0,133.78,2.76,-2.76,USD
T01164,2024-06-05 15:02:46+05:30,S032,,1,180.7,4.54,176.16,USD
T00717,2024-06-04 22:52:26-04:00,S020,P0077,1,26.43,8.77,17.66,EUR
T00422,2024-06-05 15:35:13+00:00,S045,P0094,5,148.82,2.45,757.9089484991629,USD
T00501,2024-06-04 21:18:45-04:00,S012,P0010,5,216.81,18.83,1065.22,USD
T00573,2024-06-05 11:24:16+05:30,S042,P0086,1,110.52,8.22,102.3,USD
T00074,2024-06-04 10:20:14+05:30,S041,P0010,3,225.15,4.22,671.23,USD
T00616,2024-06-05 03:58:29+05:30,S031,P0036,1,154.68,0.68,154.0,USD
T00883,2024-06-04 13:25:46-04:00,S004,P0188,5,121.55,0.89,606.86,INR
T00444,2024-06-04 19:07:01+05:30,S009,P0030,1,273.92,15.09,258.83,INR
T00795,2024-06-05 16:17:22-04:00,S011,P0013,0,279.28,15.05,-15.05,EUR
T00333,2024-06-04 18:56:23+00:00,S019,P0026,5,132.91,14.38,650.17,USD
T00606,2024-06-05 15:31:32+00:00,S017,,3,241.88,19.02,722.8669676860442,INR
T00255,2024-06-04 00:53:54+00:00,S044,P0062,0,82.65,13.06,-13.06,USD
T00984,2024-06-05 02:07:17-04:00,S015,P0194,5,144.19,8.8,712.15,USD
T00369,2024-06-05 08:04:18+00:00,S024,P0139,3,270.14,11.03,799.39,USD
T00477,2024-06-04 03:36:37+05:30,S021,P0178,2,192.8,2.94,382.66,INR
T00528,2024-06-04 18:51:49+05:30,S035,P0167,-1,102.03,11.07,-113.1,EUR
T00159,2024-06-05 13:12:44+05:30,S037,P0091,1,184.17,6.99,202.15157078305793,EUR
T00669,2024-06-04 01:47:53-04:00,S032,P0079,5,30.7,8.53,144.97,EUR
T00755,2024-06-04 11:40:25+05:30,S045,P0096,3,146.5,19.47,420.03,USD
T01191,2024-06-05 13:00:16-04:00,S041,P0163,-1,71.33,6.26,-77.59,USD
T00159,2024-06-04 05:42:43+05:30,S026,P0037,0,220.62,7.62,-7.62,EUR
T00968,2024-06-04 03:44:42-04:00,S002,P0100,5,166.3,2.42,829.08,EUR
T00473,2024-06-05 02:21:26+00:00,S023,P0133,3,274.21,6.57,816.06,INR
T00742,2024-06-04 05:33:59-04:00,S026,P0120,0,287.71,8.2,22.020570808306,USD
T00835,2024-06-04 17:50:10-04:00,S036,P0135,-1,250.07,19.73,-269.8,INR
T01180,2024-06-04 10:48:21+00:00,S018,P0169,3,101.01,1.63,301.4,INR
T00207,2024-06-05 10:12:51+05:30,S020,P0086,1,,8.37,49.99,USD
T00726,2024-06-05 06:45:18+05:30,S017,P0029,1,48.39,17.34,31.05,USD
T00221,2024-06-05 20:54:05-04:00,INVALID_STORE,P0123,3,270.25,17.97,792.78,INR
T00276,2024-06-05 10:44:30-04:00,S044,P0072,5,192.94,14.81,949.89,EUR
T00929,2024-06-05 23:17:17+00:00,S037,P0149,1,54.15,0.16,53.99,INR
T01188,2024-06-05 14:14:36-04:00,S044,P0059,1,77.36,9.87,95.78549387379417,INR
T00882,2024-06-04 15:20:28-04:00,S021,P0021,2,286.52,0.84,572.2,INR
T00347,2024-06-04 16:17:04+00:00,S038,P0001,3,58.02,5.76,168.3,USD
T00346,2024-06-05 13:02:32+05:30,S032,,2,203.27,2.82,403.72,EUR
T00874,2024-06-05 17:35:27-04:00,S029,P0127,2,11.93,16.65,21.351342250128745,USD
T01011,2024-06-05 07:28:35+00:00,S041,P0095,0,214.83,16.89,-16.89,EUR
T00153,2024-06-04 16:11:51+00:00,S011,P0047,1,290.85,16.07,274.78,EUR
T00888,2024-06-04 02:47:35+05:30,S040,P0102,-1,204.9,1.48,-206.38,EUR
T00017,2024-06-05 21:40:39+05:30,S042,P0152,0,252.91,12.52,-12.52,EUR
T00579,2024-06-05 12:10:13+05:30,S017,P0088,2,86.93,3.03,170.83,EUR
T00428,2024-06-05 20:30:26-04:00,S041,P0195,0,72.11,8.69,-8.69,INR
T00369,2024-06-05 23:50:13+00:00,S014,P0028,0,179.33,12.75,-12.75,INR
T00449,2024-06-04 07:01:45+05:30,S026,P0127,0,123.74,7.14,-7.14,INR
T00654,2024-06-05 09:50:27-04:00,S003,P0097,5,104.37,13.25,508.6,INR
T00838,2024-06-04 15:39:48+05:30,S043,P0104,5,184.31,13.74,924.8665739485392,INR
T00550,2024-06-04 03:58:41+00:00,S050,P0013,5,244.62,8.5,1214.6,INR
T00226,2024-06-04 15:00:54-04:00,S019,P0194,5,128.85,11.45,632.8,EUR
T01133,2024-06-05 01:40:58+05:30,S019,P0028,1,242.7,1.81,240.89,USD
T00331,2024-06-04 21:07:50+00:00,S033,P0122,2,253.06,7.91,498.21,USD
T00815,2024-06-05 12:31:05+00:00,INVALID_STORE,P0135,1,,15.1,240.09,EUR
T00821,2024-06-05 03:30:52+05:30,S027,P0126,0,81.72,5.45,-5.45,USD
T00031,2024-06-04 01:28:03-04:00,S050,P0012,1,156.31,14.07,142.24,EUR
T00663,2024-06-04 22:43:58+00:00,S045,,-1,239.86,3.89,-243.75,USD
T00880,2024-06-04 21:12:26+05:30,S011,P0166,1,86.64,13.12,73.52,INR
T00764,2024-06-05 04:39:51-04:00,S036,P0038,0,164.63,4.89,22.476570068449416,USD
T00637,2024-06-04 07:56:00+00:00,S015,P0144,5,233.65,8.94,1159.31,EUR
T00290,2024-06-04 06:06:30+00:00,S023,P0194,2,70.23,18.84,121.62,EUR
T00309,2024-06-05 00:36:10+05:30,S045,P0054,2,27.09,9.87,44.31,USD
T01024,2024-06-05 15:43:42+00:00,S048,P0092,3,210.22,15.1,615.56,INR
T00872,2024-06-04 07:38:56-04:00,S043,P0099,-1,,14.79,-185.68,EUR
T00080,2024-06-04 08:16:36+00:00,S038,P0045,0,45.23,3.95,-3.95,USD
T00556,2024-06-04 21:25:28-04:00,S050,P0046,0,263.52,8.36,1.9312475138647294,USD
T01064,2024-06-05 03:02:01-04:00,S037,P0017,2,94.16,13.7,174.62,EUR
T00021,2024-06-05 10:30:22+00:00,S040,P0113,0,298.89,18.56,-18.56,USD
T00126,2024-06-04 06:53:48-04:00,S041,P0185,3,213.42,3.99,661.906711082582,EUR
T00873,2024-06-04 20:41:38-04:00,S012,P0090,2,110.04,0.28,219.8,INR
T00574,2024-06-04 15:45:38+05:30,S044,P0057,-1,166.89,13.19,-168.2210188627695,EUR
T00568,2024-06-05 19:07:13-04:00,S018,P0018,0,232.16,6.6,-6.6,USD
T00294,2024-06-04 10:40:01+05:30,S017,,1,237.18,19.78,258.55092227363264,USD
T00620,2024-06-04 23:49:04-04:00,S007,P0050,2,158.39,8.79,307.99,INR
T00161,2024-06-05 14:38:36-04:00,S028,P0039,0,147.6,6.24,-6.24,INR
T00247,2024-06-04 18:14:37-04:00,S023,P0072,0,51.44,8.74,-8.74,INR
T01147,2024-06-05 20:55:36+05:30,S020,P0076,5,233.52,6.92,1160.68,USD
T00756,2024-06-04 06:51:09+00:00,S039,,2,138.2,10.52,284.8475814269507,EUR
T00562,2024-06-04 18:25:32-04:00,S017,P0168,3,,7.97,580.3,EUR
T01118,2024-06-05 10:28:31+05:30,INVALID_STORE,,5,299.2,12.64,1483.36,USD
T00245,2024-06-05 06:33:08+05:30,S007,P0021,0,223.5,17.42,-17.42,EUR
T00682,2024-06-04 01:12:51-04:00,S038,P0197,3,295.19,3.88,881.69,EUR
T00853,2024-06-05 05:21:29-04:00,S019,P0029,0,283.85,10.33,-10.33,EUR
T00407,2024-06-04 20:03:47-04:00,S040,P0151,2,221.4,1.68,441.12,USD
T00177,2024-06-05 17:22:23-04:00,S012,P0172,3,89.39,7.01,261.16,USD
T00347,2024-06-04 01:27:51+05:30,S047,P0184,0,35.06,6.35,-6.35,EUR
T00272,2024-06-04 13:54:52+00:00,S041,P0156,2,99.26,13.62,184.9,USD
T00363,2024-06-04 14:30:25+00:00,S026,P0189,-1,101.51,4.52,-106.03,INR
T00350,2024-06-05 21:56:59+05:30,S045,P0165,-1,115.45,15.45,-130.9,EUR
T00425,2024-06-04 21:01:18+00:00,S042,P0176,2,298.19,8.68,587.7,INR
T00065,2024-06-04 18:59:39+05:30,S050,P0020,1,158.85,4.21,154.64,INR
T00661,2024-06-04 02:27:53-04:00,S050,P0043,-1,103.67,11.28,-114.95,USD
T00734,2024-06-04 13:37:30+00:00,S021,P0112,5,147.89,6.73,732.72,INR
T00970,2024-06-05 05:04:42+05:30,S016,P0034,-1,142.37,11.52,-153.89,EUR
T00221,2024-06-05 12:54:56+00:00,S017,P0194,5,97.05,19.42,465.83,EUR
T01074,2024-06-05 19:27:40+05:30,S040,P0060,1,57.57,3.33,54.24,EUR
T00709,2024-06-04 10:18:03+00:00,S044,P0079,3,238.69,1.08,755.668854878709,USD
T00895,2024-06-04 14:48:19+05:30,S031,P0112,2,97.37,1.61,193.13,INR
T00436,2024-06-05 04:41:37+00:00,S020,P0183,1,148.43,6.89,141.54,USD
T00580,2024-06-04 23:49:10-04:00,S013,P0067,5,47.27,15.26,221.09,USD
T00365,2024-06-04 16:08:35+05:30,S046,P0094,3,151.61,14.81,440.02,EUR
T01024,2024-06-04 10:03:16+05:30,INVALID_STORE,P0150,-1,227.99,18.29,-246.28,INR
T00072,2024-06-05 11:00:00+00:00,S011,P0146,0,62.16,3.01,-3.01,EUR
T00829,2024-06-04 07:23:02+05:30,S033,P0112,-1,251.93,9.3,-225.35704711429645,EUR
T00112,2024-06-05 06:45:44+00:00,S003,P0080,5,13.36,13.08,53.72,INR
T00748,2024-06-05 14:57:33+05:30,S005,P0097,-1,118.12,9.47,-127.59,INR
T00529,2024-06-05 18:58:25+05:30,S032,P0146,0,33.2,0.14,-0.14,INR
T00752,2024-06-05 09:30:51+05:30,S043,P0125,1,144.78,0.8,143.98,INR
T00601,2024-06-04 13:00:52+00:00,S012,P0142,0,95.88,16.38,-16.38,USD
T00510,2024-06-05 04:51:05+05:30,S031,P0127,-1,42.39,14.64,-57.03,EUR
T00500,2024-06-05 20:56:46-04:00,S014,P0190,5,,5.49,669.61,INR
T00783,2024-06-04 07:21:48-04:00,S030,P0095,3,21.1,12.19,51.11,EUR
T00163,2024-06-04 18:42:13+00:00,S019,P0151,3,132.53,0.45,397.14,INR
T00767,2024-06-04 03:33:20-04:00,S045,P0056,-1,159.07,17.08,-176.15,EUR
T00817,2024-06-05 20:01:38+05:30,S033,P0013,0,235.71,5.54,-5.54,USD
T00652,2024-06-05 22:13:43+05:30,S022,,5,200.59,5.5,997.45,USD
T00862,2024-06-05 18:48:38-04:00,S041,P0065,-1,93.47,14.24,-107.71,EUR
T00947,2024-06-04 11:03:07-04:00,S043,P0018,1,109.46,6.39,103.07,INR
T00997,2024-06-04 05:43:26-04:00,S038,P0174,3,126.85,13.21,367.34,EUR
T00061,2024-06-05 10:02:00+05:30,S048,P0054,3,98.17,15.02,279.49,INR
T01006,2024-06-05 16:31:07+05:30,S040,P0175,5,298.79,0.47,1493.48,USD
T00366,2024-06-04 21:04:11+05:30,S013,P0006,1,124.77,4.23,120.54,EUR
T00655,2024-06-04 20:18:26+00:00,S004,P0198,5,112.09,4.36,556.09,EUR
T01014,2024-06-05 05:24:57+00:00,S043,P0064,0,102.15,10.71,-10.71,USD
T00353,2024-06-05 09:47:20-04:00,S005,P0029,5,93.64,10.65,457.55,INR
T01031,2024-06-05 20:23:50+05:30,S009,P0030,5,64.77,0.58,323.27,INR
T00759,2024-06-04 06:37:26+05:30,S040,P0143,-1,82.48,11.39,-93.87,EUR
T00491,2024-06-05 02:52:27+05:30,S048,P0131,-1,260.4,17.01,-277.41,USD
T00502,2024-06-05 09:26:14-04:00,S043,P0022,3,28.8,0.62,85.78,INR
T00502,2024-06-04 11:35:50+00:00,S039,P0091,-1,196.0,16.07,-212.07,EUR
T00145,2024-06-05 04:03:28+00:00,S009,P0005,0,127.84,10.4,-10.4,EUR
T00600,2024-06-04 04:21:12+00:00,S047,P0159,-1,,10.68,-181.70365962588102,INR
T00213,2024-06-04 09:02:00+05:30,S034,P0011,0,278.94,12.59,-12.59,USD
T00989,2024-06-04 17:41:58+05:30,S013,P0140,0,59.0,8.26,-8.26,INR
T00911,2024-06-04 21:30:09+00:00,S042,P0146,0,152.56,4.89,-4.89,EUR
T00760,2024-06-04 16:05:39-04:00,S019,P0182,1,230.78,2.96,227.82,USD
T00317,2024-06-04 21:28:20-04:00,S047,P0182,-1,193.83,9.51,-203.34,INR
T00304,2024-06-04 22:03:38-04:00,INVALID_STORE,P0087,3,194.66,0.56,583.42,EUR
T00320,2024-06-05 22:53:01-04:00,S027,P0057,5,148.32,18.0,723.6,INR
T00030,2024-06-05 03:39:41-04:00,S014,P0075,0,59.05,10.5,-10.5,USD
T00404,2024-06-05 23:19:52+00:00,S025,P0029,2,90.71,15.56,165.86,USD
T00415,2024-06-04 16:37:46+00:00,S021,P0023,0,255.27,15.66,-15.66,INR
T00163,2024-06-05 15:09:22+05:30,S019,P0029,-1,29.49,11.07,-40.56,EUR
T00364,2024-06-05 09:12:34+05:30,S043,P0138,2,210.01,13.02,407.0,EUR
T01071,2024-06-04 09:39:06+00:00,S042,P0192,2,222.67,18.35,426.99,EUR
T00150,2024-06-04 23:13:06+05:30,S048,P0106,5,144.64,10.74,712.46,USD
T01192,2024-06-04 00:41:57+00:00,S006,P0033,-1,180.92,11.97,-192.89,EUR
T00516,2024-06-04 00:02:09+00:00,S019,P0139,2,180.79,12.7,348.88,EUR
T00510,2024-06-05 14:45:10+00:00,S020,P0151,5,159.12,19.03,776.57,INR
T01044,2024-06-04 23:14:38+00:00,S042,P0113,1,293.4,18.91,274.49,EUR
T00375,2024-06-05 15:13:08+05:30,S008,P0194,3,37.42,17.24,95.02,EUR
T00431,2024-06-04 21:50:59-04:00,S007,P0166,3,102.8,10.61,297.79,INR
T00971,2024-06-05 13:36:28-04:00,S035,P0117,2,257.18,12.2,502.16,USD
T00628,2024-06-04 10:33:27+00:00,S010,P0120,3,146.87,17.12,423.49,INR
T00838,2024-06-04 04:01:38+00:00,S031,P0097,5,173.35,15.25,898.7994287176703,INR
T00604,2024-06-04 18:38:10+00:00,INVALID_STORE,P0164,1,247.37,4.04,243.33,EUR
T00562,2024-06-05 08:02:50+05:30,S050,P0016,-1,224.31,15.95,-240.26,EUR
T00512,2024-06-05 11:27:54+00:00,S046,P0198,-1,146.26,19.42,-131.00617939596748,USD
T00228,2024-06-04 20:41:50+00:00,S016,P0115,0,109.38,10.76,-10.76,EUR
T00410,2024-06-05 17:48:13-04:00,S016,P0081,5,249.05,17.48,1227.77,EUR
T00140,2024-06-04 10:13:42-04:00,S039,P0038,3,171.44,16.35,497.97,INR
T00742,2024-06-05 09:33:16+00:00,S043,P0077,0,266.53,3.68,-3.68,EUR
T00812,2024-06-05 07:07:02+00:00,S043,P0074,0,280.48,2.81,-2.81,EUR
T01104,2024-06-04 23:48:59+00:00,S023,P0194,3,14.7,8.74,63.04952015257358,USD
T01052,2024-06-04 11:31:17+05:30,S026,P0112,-1,36.72,11.17,-47.89,USD
T00312,2024-06-05 08:51:42-04:00,S021,P0075,1,232.46,8.62,223.84,INR
T00823,2024-06-04 01:33:51-04:00,S012,P0193,-1,236.52,14.79,-251.31,USD
T00669,2024-06-05 18:33:10-04:00,S028,P0139,2,103.49,3.01,203.97,EUR
T00304,2024-06-04 13:45:05+05:30,S002,P0020,3,269.04,14.3,792.82,USD
T00472,2024-06-04 22:57:43-04:00,S012,P0152,2,166.62,19.09,314.15,INR
T00901,2024-06-04 09:59:55+05:30,S008,P0034,2,281.53,4.34,558.72,EUR
T00422,2024-06-04 14:27:51+00:00,S034,P0179,0,70.49,0.98,-0.98,EUR
T01002,2024-06-04 08:45:51-04:00,S010,P0080,-1,220.11,2.43,-222.54,USD
T01042,2024-06-04 18:35:21+05:30,S007,,2,295.69,16.0,575.38,INR
T00134,2024-06-04 22:34:19+00:00,S002,P0033,5,288.85,2.0,1442.25,EUR
T00563,2024-06-04 01:09:14-04:00,S045,P0037,1,198.63,16.2,182.43,USD
T00080,2024-06-05 10:12:38+05:30,S001,P0197,2,173.73,2.56,344.9,INR
T01063,2024-06-04 12:43:00+05:30,S018,P0059,3,189.09,16.47,550.8,USD
T00544,2024-06-05 03:10:27-04:00,S030,P0025,2,18.69,4.08,33.3,INR
T00773,2024-06-05 15:17:00-04:00,S016,P0056,1,223.14,2.89,220.25,INR
T00952,2024-06-05 10:38:19+00:00,S015,P0017,2,36.72,19.76,53.68,EUR
T00263,2024-06-04 18:42:14+00:00,S010,P0106,0,10.21,9.52,-9.52,EUR
T00258,2024-06-04 14:17:35+05:30,S017,P0105,1,148.56,14.97,133.59,EUR
T00216,2024-06-05 20:47:02+05:30,S038,P0025,1,225.52,14.35,211.17,INR
T00547,2024-06-05 18:01:40+05:30,S040,P0120,0,292.45,13.37,-13.37,EUR
T00374,2024-06-04 14:24:37+05:30,S045,,1,226.9,16.0,210.9,USD
T00385,2024-06-05 01:02:31-04:00,S042,P0064,5,103.53,11.44,506.21,USD
T01054,2024-06-04 20:20:18+00:00,S035,P0186,5,190.18,10.92,939.98,INR
T00539,2024-06-05 13:47:51+05:30,S036,P0167,-1,,1.93,-144.26,EUR
T01128,2024-06-04 08:45:30-04:00,S042,P0042,2,37.43,19.5,55.36,INR
T00374,2024-06-05 12:45:10+00:00,S005,P0132,-1,295.45,1.66,-297.11,USD
T01077,2024-06-05 01:46:22-04:00,S041,P0068,0,74.34,0.33,-0.33,USD
T00342,2024-06-05 14:39:24+00:00,S009,P0035,-1,115.17,4.61,-119.78,EUR
T00869,2024-06-05 20:23:40+05:30,S043,P0089,2,254.54,15.02,494.06,INR
T00660,2024-06-05 10:04:44+05:30,S023,P0034,5,271.28,19.44,1336.96,EUR
T00137,2024-06-05 19:15:09+05:30,S027,P0057,-1,203.75,4.18,-207.93,USD
T00397,2024-06-05 19:03:56+05:30,S001,P0189,2,123.46,3.19,243.73,INR
T00422,2024-06-04 11:03:25+00:00,S047,P0016,2,268.87,2.47,535.27,EUR
T00965,2024-06-05 19:34:39+05:30,S045,P0079,1,160.98,10.48,150.5,EUR
T00558,2024-06-05 00:51:29+05:30,S012,P0063,-1,141.77,1.41,-143.18,INR
T00597,2024-06-05 11:29:03+05:30,S004,P0148,5,179.64,17.52,880.68,EUR
T00864,2024-06-05 07:29:31+05:30,S050,P0068,3,79.97,17.0,222.91,EUR
T00515,2024-06-05 06:33:27+00:00,S046,P0106,0,90.0,5.03,-5.03,USD
T01000,2024-06-04 07:34:13-04:00,S010,P0043,-1,153.54,11.82,-165.36,EUR
T00202,2024-06-05 22:47:54-04:00,S015,P0200,5,22.21,2.16,108.89,EUR
T00712,2024-06-04 02:54:10-04:00,S013,P0145,0,215.7,12.08,-12.08,EUR
T00053,2024-06-05 07:26:33+05:30,S035,,1,282.66,16.26,266.4,USD
T00735,2024-06-04 18:27:37-04:00,S010,P0066,3,276.99,16.04,814.93,INR
T00429,2024-06-04 11:41:38-04:00,S026,P0031,1,104.11,13.98,90.13,INR
T00684,2024-06-04 06:28:16+00:00,S006,P0169,3,236.48,3.44,706.0,USD
T00832,2024-06-05 22:33:48+00:00,S010,P0128,3,250.32,2.03,748.93,USD
T00741,2024-06-05 07:52:38+05:30,S038,P0105,3,258.23,9.71,764.98,EUR
T01103,2024-06-05 16:46:19+05:30,S005,P0139,3,273.56,14.0,806.68,USD
T00299,2024-06-04 19:10:40-04:00,S036,P0126,0,183.41,17.54,-17.54,INR
T01168,2024-06-04 21:24:07+05:30,S047,P0073,1,255.05,14.73,240.32,USD
T00503,2024-06-04 15:56:43+05:30,S035,P0160,-1,54.95,19.85,-59.698912888048895,INR
T00849,2024-06-05 07:57:48-04:00,S031,P0062,2,289.73,17.15,562.31,EUR
T00536,2024-06-05 04:11:16-04:00,S007,P0193,-1,125.89,11.51,-137.4,INR
T00732,2024-06-05 15:20:54+05:30,S038,P0066,3,115.71,18.51,328.62,EUR
T00975,2024-06-05 12:57:05-04:00,S045,P0057,2,240.71,11.58,516.1265754238503,EUR
T00953,2024-06-04 16:18:30+00:00,S011,P0182,3,218.09,12.9,641.37,INR
T00919,2024-06-05 16:46:29-04:00,S043,P0143,-1,136.49,19.06,-155.55,EUR
T01167,2024-06-04 20:06:15+00:00,S024,P0162,2,28.5,7.09,49.91,INR
T00926,2024-06-04 15:40:14+00:00,S025,P0123,5,214.22,18.85,1052.25,EUR
T00645,2024-06-05 18:44:05+05:30,S044,P0146,-1,284.42,2.88,-287.3,EUR
T00399,2024-06-04 11:44:19+05:30,S031,P0048,1,234.64,1.42,256.8370148690575,USD
T00193,2024-06-04 06:29:18+00:00,S042,P0094,1,198.33,9.9,188.43,INR
T00638,2024-06-04 06:58:49+00:00,S043,P0181,5,211.96,2.77,1057.03,USD
T00168,2024-06-05 23:07:46+00:00,S006,P0082,2,85.55,4.01,167.09,EUR
T00004,2024-06-04 12:16:14-04:00,INVALID_STORE,P0114,1,294.78,1.18,293.6,EUR
T01021,2024-06-05 22:20:49+05:30,S029,P0114,-1,118.7,1.39,-120.09,EUR
T01040,2024-06-04 12:55:28+05:30,S008,P0039,2,183.92,11.48,356.36,EUR
T00370,2024-06-05 01:25:02-04:00,S026,P0189,1,244.09,6.23,237.86,EUR
T01123,2024-06-05 23:56:58+00:00,S019,P0142,2,299.23,18.4,580.06,USD
T00386,2024-06-05 11:44:11+00:00,INVALID_STORE,P0120,3,81.4,2.83,241.37,INR
T00657,2024-06-05 23:40:52-04:00,S011,P0145,0,215.21,16.78,11.612971114016368,EUR
T00600,2024-06-04 14:25:15-04:00,S024,P0020,0,68.27,6.41,-6.41,USD
T01020,2024-06-04 22:16:29+00:00,S038,P0089,5,40.25,11.23,190.02,USD
T01112,2024-06-05 17:35:56+05:30,S017,P0005,2,284.57,6.14,563.0,USD
T01042,2024-06-05 07:35:19-04:00,S004,P0009,3,121.62,7.04,357.82,USD
T00150,2024-06-04 23:19:27-04:00,S039,P0138,2,38.61,19.0,58.22,USD
T00010,2024-06-04 21:08:57+05:30,S038,P0177,1,277.41,4.12,273.29,USD
T00320,2024-06-04 03:15:32+05:30,S045,P0168,5,249.71,7.44,1241.11,INR
T00559,2024-06-04 14:55:07+00:00,S015,P0142,0,175.46,17.27,-17.27,INR
T00810,2024-06-05 21:37:22+05:30,S035,P0183,2,246.85,9.76,483.94,USD
T00137,2024-06-05 11:34:26+05:30,S013,P0108,1,194.9,2.31,192.59,EUR
T01168,2024-06-04 20:43:53+00:00,S016,P0049,0,279.88,7.96,-7.96,USD
T00961,2024-06-04 02:35:57+00:00,S049,P0114,1,170.88,9.96,160.92,USD
T00760,2024-06-05 20:48:22+00:00,S019,P0068,1,231.14,16.13,215.01,EUR
T00090,2024-06-04 23:09:01-04:00,INVALID_STORE,P0111,-1,232.37,3.78,-236.15,INR
T00779,2024-06-05 04:29:40+05:30,S034,P0167,2,111.53,4.01,219.05,EUR
T01083,2024-06-04 17:53:48+00:00,S023,P0088,2,107.41,14.42,225.22387224675887,USD
T00348,2024-06-05 21:02:38-04:00,S044,P0131,1,208.58,8.2,200.38,USD
T01162,2024-06-05 04:13:07+05:30,S019,P0018,0,,7.62,-7.62,EUR
T00791,2024-06-05 17:36:53+00:00,S004,P0167,1,15.74,16.48,-0.74,USD
T00932,2024-06-05 22:21:46+00:00,S027,P0087,0,152.26,5.0,-5.0,INR
T00527,2024-06-05 04:17:10+05:30,S034,,2,51.88,12.74,91.02,USD
T00824,2024-06-04 16:31:42+05:30,S017,P0191,1,143.38,14.21,129.17,INR
T00745,2024-06-05 09:45:08+00:00,S006,P0199,5,143.57,9.05,708.8,USD
T00745,2024-06-05 21:03:54+00:00,S031,P0162,2,72.92,3.82,142.02,EUR
T00927,2024-06-05 23:29:40+00:00,S031,P0052,3,71.92,2.83,212.93,INR
T01060,2024-06-05 03:58:59+00:00,S024,P0173,1,67.83,6.75,61.08,INR
T00320,2024-06-05 17:01:22-04:00,S026,P0154,-1,203.43,5.47,-208.9,INR
T00648,2024-06-05 11:26:21-04:00,S039,P0053,3,145.89,17.36,420.31,USD
T00679,2024-06-04 03:50:28+05:30,S031,P0120,0,38.15,1.31,45.09773049593878,USD
T01195,2024-06-04 22:58:26+00:00,S021,P0048,2,99.19,1.32,197.06,USD
T01091,2024-06-04 08:37:28-04:00,S036,P0067,-1,56.35,17.61,-73.96,EUR
T00912,2024-06-04 10:40:42+05:30,S002,P0067,3,210.09,18.07,612.2,INR
T00904,2024-06-05 02:23:16-04:00,S024,P0200,5,,0.4,296.75,INR
T00142,2024-06-05 02:56:24+05:30,S037,P0174,0,174.37,17.71,-17.71,USD
T00657,2024-06-05 22:10:57+00:00,S013,P0192,1,297.94,15.82,282.12,EUR
T00748,2024-06-04 12:18:38+00:00,S014,P0042,5,14.63,17.82,55.33,USD
T00539,2024-06-04 22:19:42+00:00,S032,P0057,5,102.38,3.34,508.56,EUR
T00022,2024-06-05 21:27:02-04:00,S048,P0135,5,201.23,6.66,1043.7318011577515,INR
T00688,2024-06-05 03:19:01+00:00,S046,P0046,5,122.64,13.91,599.29,INR
T00396,2024-06-05 16:13:23+00:00,S018,P0079,0,109.22,18.86,-18.86,EUR
T00048,2024-06-04 08:15:59+05:30,S022,P0123,1,243.59,18.27,225.32,INR
T00020,2024-06-04 05:29:28-04:00,INVALID_STORE,P0185,1,54.66,16.03,38.63,EUR
T00678,2024-06-05 09:33:06-04:00,S015,P0141,1,55.31,12.52,42.79,USD
T00008,2024-06-04 06:40:08+00:00,S005,P0135,0,,3.71,-3.71,USD
T01015,2024-06-04 14:22:00-04:00,S046,P0081,5,102.92,10.59,504.01,EUR
T00295,2024-06-04 19:10:12-04:00,S009,P0058,1,138.33,10.15,177.01856601191628,USD
T00809,2024-06-04 11:49:38-04:00,S006,P0043,2,64.24,6.43,122.05,EUR
T01087,2024-06-04 17:31:56+05:30,S036,P0131,3,73.29,5.02,214.85,USD
T00881,2024-06-04 04:23:54+05:30,S047,P0053,1,27.87,9.88,17.99,EUR
T00135,2024-06-05 02:19:19-04:00,S014,P0186,0,35.59,11.76,-11.76,EUR
T00390,2024-06-05 15:45:08+05:30,S043,,5,117.43,6.0,581.15,INR
T00950,2024-06-05 05:21:47+00:00,S032,P0081,5,104.07,15.93,504.42,INR
T00306,2024-06-05 22:02:05+00:00,S003,P0197,1,263.27,15.77,247.5,USD
T00555,2024-06-04 10:54:55+00:00,S029,P0007,2,181.95,3.68,382.8281239897979,EUR
T00892,2024-06-05 07:31:10+05:30,S047,P0179,3,76.04,9.73,218.39,USD
T00482,2024-06-04 10:18:07-04:00,S025,P0170,1,286.36,14.12,272.24,USD
T00879,2024-06-05 21:02:10-04:00,S039,P0134,3,193.14,6.77,572.65,EUR
T00130,2024-06-05 10:28:51+05:30,S024,P0128,3,244.07,17.28,714.93,INR
T00575,2024-06-05 10:40:29-04:00,S042,P0187,0,77.7,17.44,-17.44,USD
T00486,2024-06-05 19:10:08+05:30,S023,P0100,3,,11.45,698.53,EUR
T01006,2024-06-05 14:32:15+00:00,S024,P0187,1,121.4,2.97,118.43,INR
T00294,2024-06-04 20:06:46+00:00,S006,P0195,1,140.35,15.55,124.8,EUR
T00559,2024-06-04 10:38:24+00:00,S048,P0058,1,104.89,16.5,88.39,USD
T00125,2024-06-04 21:31:34-04:00,S012,P0007,0,64.58,18.47,-18.47,USD
T00607,2024-06-04 10:29:24+05:30,INVALID_STORE,P0141,5,132.67,16.37,663.7244545715362,INR
T01138,2024-06-05 03:49:04+05:30,S013,P0045,5,234.98,19.86,1155.04,INR
T00264,2024-06-04 11:51:43+00:00,S045,P0069,5,90.03,14.13,436.02,EUR
T00053,2024-06-05 16:03:32-04:00,S045,P0101,5,116.96,6.31,578.49,EUR
T01048,2024-06-04 02:52:03+05:30,S037,P0156,1,196.65,6.48,190.17,USD
T00189,2024-06-04 17:06:47+00:00,S029,P0026,2,53.96,10.46,97.46,USD
T00318,2024-06-05 04:50:06-04:00,S050,P0012,5,126.16,1.24,629.56,USD
T00108,2024-06-04 01:45:50-04:00,S014,P0091,3,,1.13,226.69,USD
T00662,2024-06-04 23:15:44+00:00,S015,P0076,2,,19.09,551.89,INR
T00083,2024-06-04 04:56:55+05:30,S014,P0077,5,16.82,14.29,69.81,USD
T00814,2024-06-04 11:57:18+05:30,S003,,3,213.53,11.63,628.96,EUR
T00525,2024-06-04 14:40:44+00:00,S034,P0138,3,87.04,7.49,253.63,EUR
T00831,2024-06-05 13:16:06+05:30,S041,,3,140.98,8.91,414.03,EUR
T00622,2024-06-04 15:36:28+00:00,S025,P0144,2,68.04,11.4,124.68,INR
T00684,2024-06-04 13:10:26+05:30,S012,P0021,2,158.22,6.2,310.24,INR
T00585,2024-06-05 16:50:18-04:00,S013,P0137,5,184.53,3.31,919.34,USD
T00622,2024-06-04 00:00:02+00:00,S039,P0153,1,189.59,17.14,172.45,USD
T00156,2024-06-05 03:08:52+00:00,S032,,3,72.44,3.82,213.5,USD
T00247,2024-06-04 14:54:11-04:00,S047,P0092,3,,9.14,144.25,INR
T01142,2024-06-05 18:13:05+00:00,S027,P0157,2,14.16,1.72,26.6,EUR
T00077,2024-06-04 02:10:37+00:00,S016,P0175,0,54.46,1.3,-1.3,USD
T00577,2024-06-04 20:26:56-04:00,S011,P0113,-1,,13.13,-283.38,INR
T00892,2024-06-05 17:00:42-04:00,S002,P0047,2,78.1,8.96,181.49819979597285,EUR
T01116,2024-06-05 10:24:16+05:30,S013,P0112,1,93.09,1.77,91.32,EUR
T00823,2024-06-05 18:14:59+00:00,S028,P0142,2,103.01,12.79,193.23,EUR
T00519,2024-06-04 06:17:41+05:30,S009,P0140,5,205.96,8.16,1021.64,EUR
T00298,2024-06-05 21:30:56-04:00,S026,P0176,0,57.64,0.86,-0.86,EUR
T00168,2024-06-05 04:51:40+00:00,S038,P0115,2,293.4,15.85,570.95,EUR
T00465,2024-06-04 11:59:35-04:00,S015,P0102,1,176.88,5.09,171.79,EUR
T00449,2024-06-05 04:36:10-04:00,S042,P0078,3,169.05,7.9,499.25,USD
T00002,2024-06-04 13:42:49-04:00,S022,P0084,2,195.74,9.07,382.41,EUR
T00198,2024-06-05 15:27:53+05:30,INVALID_STORE,,3,80.13,8.12,232.27,USD
T00733,2024-06-05 06:43:23-04:00,S041,P0161,0,30.69,5.07,-5.07,INR
T00086,2024-06-05 10:50:20-04:00,S015,,3,70.45,8.57,202.78,USD
T00201,2024-06-05 15:15:00+00:00,S012,P0168,3,213.18,17.22,622.32,EUR
T00973,2024-06-04 06:19:21+00:00,S029,P0096,5,298.45,7.6,1484.65,EUR
T00962,2024-06-04 17:34:35+05:30,S030,P0194,0,277.47,9.09,-9.09,INR
T00058,2024-06-05 19:12:43-04:00,S036,P0166,2,187.98,1.9,374.06,EUR
T00519,2024-06-04 03:32:50-04:00,S021,P0027,-1,122.57,18.5,-141.07,INR
T00225,2024-06-05 07:04:25-04:00,S010,P0190,3,257.53,0.8,771.79,INR
T00772,2024-06-04 12:51:42+05:30,S045,P0108,2,11.65,15.51,7.79,EUR
T00208,2024-06-04 08:27:12+05:30,S021,P0100,5,76.33,8.89,372.76,EUR
T01076,2024-06-04 01:29:43-04:00,S021,P0094,1,137.05,7.33,129.72,USD
T00973,2024-06-05 02:02:33+00:00,S032,P0015,3,136.52,14.04,404.4459329946704,USD
T00914,2024-06-04 14:18:35-04:00,S028,P0039,1,16.99,1.73,15.26,USD
T00415,2024-06-04 16:54:42+05:30,S048,P0168,0,63.8,8.27,-8.27,INR
T01200,2024-06-04 19:21:40-04:00,INVALID_STORE,P0178,1,157.96,0.24,157.72,USD
T00439,2024-06-05 10:51:37+05:30,S047,P0129,5,242.36,3.77,1208.03,USD
T00979,2024-06-04 04:57:04-04:00,S008,P0030,2,203.45,17.16,389.74,EUR
T00833,2024-06-04 19:06:44+05:30,S014,,5,253.53,7.23,1260.42,INR
T00461,2024-06-05 08:45:19-04:00,S007,P0149,1,65.86,14.53,51.33,EUR
T01068,2024-06-05 19:36:58+00:00,S033,P0005,5,197.35,15.11,971.64,INR
T00082,2024-06-05 22:42:19+00:00,S021,P0089,1,172.89,14.09,158.8,INR
T01048,2024-06-05 10:13:04+00:00,S019,P0184,3,252.53,12.11,745.48,EUR
T00282,2024-06-05 17:47:47+00:00,S012,P0088,-1,277.8,12.1,-289.9,EUR
T00592,2024-06-04 19:45:06-04:00,S048,P0051,-1,188.75,1.26,-190.01,USD
T01061,2024-06-05 00:23:37-04:00,S038,P0185,-1,65.47,19.45,-84.92,EUR
T00390,2024-06-04 21:28:56-04:00,S031,P0137,2,232.81,17.81,447.81,USD
T00506,2024-06-04 21:13:24+05:30,S029,P0148,5,178.71,3.47,890.08,EUR
T00941,2024-06-05 17:22:27-04:00,S007,P0170,5,118.75,7.83,585.92,USD
T01014,2024-06-04 18:33:17+00:00,S012,P0009,5,245.8,19.68,1222.8217639885813,EUR
T01003,2024-06-05 21:44:15-04:00,S014,P0075,-1,131.94,5.31,-137.25,USD
T00144,2024-06-04 02:59:16+00:00,S037,P0137,2,45.65,15.2,76.1,USD
T00123,2024-06-05 17:15:22+05:30,S026,P0177,0,209.15,4.1,-4.1,INR
T01132,2024-06-04 19:25:23+00:00,S003,P0177,5,79.8,4.41,394.59,INR
T00036,2024-06-05 15:26:46+05:30,S045,P0167,2,59.83,19.33,100.33,INR
T00942,2024-06-04 17:37:25-04:00,S018,P0071,5,46.12,4.92,225.68,USD
T00792,2024-06-05 19:40:12+00:00,S032,P0008,1,79.24,6.17,73.07,EUR
T00779,2024-06-05 20:47:12+05:30,S008,P0048,5,138.33,14.78,676.87,INR
T01040,2024-06-05 12:20:18-04:00,S030,P0100,5,238.98,10.48,1184.42,USD
T00828,2024-06-04 12:15:40+05:30,S036,P0126,0,32.43,16.74,-16.74,EUR
T01154,2024-06-04 01:46:03+05:30,S035,P0161,3,270.55,7.59,804.06,USD
T00869,2024-06-05 08:25:39+05:30,S037,P0010,5,175.78,7.19,896.3431332071724,INR
T01088,2024-06-05 13:39:32+05:30,S019,P0106,5,55.85,4.38,274.87,USD
T00103,2024-06-05 16:15:19+00:00,S044,P0182,1,215.06,3.18,211.88,INR
T00839,2024-06-04 16:40:54+00:00,S016,P0187,2,258.97,5.57,512.37,EUR
T00591,2024-06-04 12:48:42-04:00,S040,P0149,1,176.06,15.66,160.4,USD
T00367,2024-06-04 19:35:28-04:00,S043,P0182,2,184.76,1.54,367.98,EUR
T00667,2024-06-04 00:38:12+05:30,S031,P0055,2,,18.64,89.94,EUR
T00496,2024-06-04 09:37:59-04:00,S050,P0097,1,124.2,3.34,120.86,USD
T00087,2024-06-05 22:36:47+05:30,S046,P0199,5,60.79,2.2,301.75,EUR
T01076,2024-06-05 05:24:39+00:00,S033,P0175,5,206.48,7.9,1024.5,EUR
T00835,2024-06-05 14:07:04+05:30,S002,P0143,-1,218.32,14.99,-233.31,USD
T00845,2024-06-05 20:00:38+00:00,S027,P0157,1,183.94,7.35,176.59,USD
T00287,2024-06-05 08:45:49-04:00,S005,P0175,1,72.52,15.5,57.02,USD
T00420,2024-06-05 03:03:24+00:00,S047,P0158,5,83.35,7.98,408.77,USD
T00888,2024-06-05 04:08:53+05:30,S044,P0109,0,277.6,5.91,20.019023779352317,INR
T00679,2024-06-05 01:40:01+05:30,S003,P0049,1,,17.37,263.48,USD
T01068,2024-06-05 21:55:27+00:00,INVALID_STORE,P0079,2,225.86,11.23,468.4178016823621,INR
T00898,2024-06-04 08:58:41+00:00,S017,P0028,3,190.31,5.7,593.4948884233307,EUR
T00774,2024-06-04 11:09:54+00:00,S035,P0067,0,227.19,10.12,-10.12,INR
T00452,2024-06-05 04:43:09+05:30,INVALID_STORE,,2,51.24,18.3,106.45502910352641,INR
T01121,2024-06-05 07:05:12-04:00,S026,P0080,-1,,15.99,-82.15,USD
T00449,2024-06-04 04:48:44+00:00,S017,P0169,2,259.06,5.31,512.81,USD
T00961,2024-06-05 03:05:48+00:00,S025,P0074,1,204.13,16.23,187.9,EUR
T01066,2024-06-05 18:56:47-04:00,S008,P0036,3,193.14,6.53,572.89,USD
T01022,2024-06-04 21:53:12-04:00,S038,P0161,1,135.82,5.44,130.38,INR
T00510,2024-06-04 15:56:37+00:00,S038,P0089,1,248.98,11.1,237.88,EUR
T00167,2024-06-04 21:46:43+05:30,S039,P0048,3,129.67,8.0,381.01,USD
T00316,2024-06-05 07:28:10+00:00,S043,,3,278.58,1.14,834.6,USD
T00439,2024-06-05 04:51:39+00:00,S028,P0097,3,78.35,17.58,217.47,USD
T00207,2024-06-04 06:02:06+05:30,S016,P0117,3,56.17,6.54,161.97,INR
T00312,2024-06-05 23:11:01+05:30,INVALID_STORE,P0088,5,270.01,18.69,1331.36,INR
T00180,2024-06-05 17:39:05+05:30,S038,P0187,0,208.84,16.54,-16.54,EUR
T00349,2024-06-04 13:59:56+00:00,S015,P0032,1,296.57,12.29,284.28,INR
T00134,2024-06-04 10:05:37+00:00,S038,P0189,-1,252.69,1.43,-254.12,EUR
T00806,2024-06-04 02:19:57+00:00,S029,P0173,-1,37.87,12.13,-50.0,INR
T00482,2024-06-05 06:26:08+00:00,S010,P0114,-1,98.86,13.07,-111.93,EUR
T00221,2024-06-04 10:45:13+00:00,S019,P0118,2,20.67,1.17,40.17,INR
T00252,2024-06-05 05:50:47-04:00,S028,P0161,0,102.79,4.79,-4.79,INR
T00707,2024-06-04 13:56:37+05:30,INVALID_STORE,P0096,0,70.83,9.46,2.583893058491814,INR
T00921,2024-06-04 23:33:44+05:30,S010,P0168,2,245.63,9.27,481.99,EUR
T00016,2024-06-04 13:23:44+05:30,S014,P0150,3,287.84,15.03,848.49,INR
T00570,2024-06-05 12:04:15+05:30,S042,P0098,2,22.19,2.81,41.57,EUR
T00215,2024-06-04 00:11:57+00:00,S019,P0039,3,216.3,16.0,632.9,USD
T01088,2024-06-04 19:54:42+00:00,S040,P0170,3,207.3,17.16,604.74,EUR
T01121,2024-06-05 09:07:43+00:00,S037,P0014,2,,19.0,253.26,INR
T00855,2024-06-05 10:33:11+00:00,S023,P0009,1,128.13,12.54,115.59,INR
T00470,2024-06-04 02:49:07-04:00,S014,P0047,-1,74.64,5.29,-79.93,EUR
T00005,2024-06-05 04:54:25+00:00,INVALID_STORE,P0147,2,21.76,19.04,24.48,EUR
T00628,2024-06-05 22:36:17-04:00,S042,P0110,-1,282.58,0.33,-282.91,EUR
T01149,2024-06-05 04:19:40-04:00,S026,P0166,0,170.18,15.59,-15.59,EUR
T00204,2024-06-04 01:30:23+05:30,S021,P0183,5,33.11,12.94,152.61,INR
T00741,2024-06-04 11:56:07+05:30,S045,P0067,0,84.56,3.24,-3.24,EUR
T00007,2024-06-04 08:50:34+05:30,S036,P0128,-1,195.32,1.52,-196.84,INR
T00953,2024-06-05 14:55:40-04:00,S040,P0131,2,42.88,9.03,76.73,USD
T01117,2024-06-04 13:47:03+00:00,S033,P0083,3,238.81,7.06,709.37,USD
T00398,2024-06-05 14:56:37+00:00,S020,P0132,1,57.06,6.84,50.22,INR
