transaction_id,store_id,store_name,date,product_id,product_name,quantity,unit_price,total,customer_id,promo_code
1001,2,Suburb,2025-10-24,502,Pen,2,7.1,14.2,2086,OFFER20
1002,2,Suburb,2025-10-15,503,Stapler,9,3.03,27.27,2256,
1003,1,Downtown,2025-10-18,505,Marker,3,0.78,2.34,2459,DISC5
1004,2,Suburb,2025-10-05,506,Highlighter,9,0.91,8.19,2403,
1005,3,Airport,2025-10-18,506,Highlighter,3,5.06,15.18,2204,
1006,1,Downtown,2025-10-24,506,Highlighter,6,1.35,8.1,2398,OFFER20
1007,3,Airport,2025-10-01,504,Folder,10,6.58,65.8,2174,
1008,3,Airport,2025-10-07,504,Folder,9,5.64,50.76,2041,
1009,3,Airport,2025-10-13,505,Marker,9,9.03,81.27,2467,
1010,1,Downtown,2025-10-01,502,Pen,8,2.58,20.64,2031,DISC5
1011,3,Airport,2025-10-23,504,Folder,7,1.84,12.88,2057,
1012,3,Airport,2025-10-27,503,Stapler,3,9.48,28.44,2126,DISC5
1013,1,Downtown,2025-10-28,506,Highlighter,3,7.41,22.23,2432,DISC10
1014,3,Airport,2025-10-08,502,Pen,7,6.33,44.31,2368,
1015,3,Airport,2025-10-16,504,Folder,10,5.06,50.6,2419,OFFER20
1016,3,Airport,2025-10-13,501,Notebook,2,2.89,5.78,2367,DISC10
1017,2,Suburb,2025-10-14,504,Folder,6,9.96,59.76,2261,
1018,2,Suburb,2025-10-06,503,Stapler,6,5.28,31.68,2479,OFFER20
1019,1,Downtown,2025-10-13,504,Folder,4,6.82,27.28,2217,
1020,1,Downtown,2025-10-13,505,Marker,8,4.53,36.24,2358,
1021,3,Airport,2025-10-27,501,Notebook,9,6.46,58.14,2004,DISC10
1022,2,Suburb,2025-10-08,502,Pen,5,9.11,45.55,2039,DISC10
1023,1,Downtown,2025-10-28,505,Marker,10,9.25,92.5,2371,
1024,3,Airport,2025-10-14,501,Notebook,4,5.0,20.0,2496,DISC10
1025,1,Downtown,2025-10-16,504,Folder,4,9.78,39.12,2328,DISC5
1026,2,Suburb,2025-10-28,502,Pen,10,4.27,42.7,2495,
1027,1,Downtown,2025-10-01,506,Highlighter,2,2.16,4.32,2231,DISC10
1028,1,Downtown,2025-10-02,505,Marker,2,2.14,4.28,2295,
1029,2,Suburb,2025-10-12,502,Pen,4,2.23,8.92,2299,OFFER20
1030,3,Airport,2025-10-13,501,Notebook,5,2.01,10.05,2236,OFFER20
1031,2,Suburb,2025-10-06,501,Notebook,6,2.26,13.56,2377,OFFER20
1032,3,Airport,2025-10-19,505,Marker,9,6.73,60.57,2359,DISC5
1033,1,Downtown,2025-10-21,501,Notebook,10,0.55,5.5,2380,OFFER20
1034,2,Suburb,2025-10-11,501,Notebook,7,7.08,49.56,2198,OFFER20
1035,1,Downtown,2025-10-17,503,Stapler,2,1.61,3.22,2014,
1036,3,Airport,2025-10-13,501,Notebook,1,4.6,4.6,2235,DISC10
1037,3,Airport,2025-10-27,503,Stapler,9,4.21,37.89,2176,DISC10
1038,1,Downtown,2025-10-03,501,Notebook,2,1.46,2.92,2380,DISC5
1039,2,Suburb,2025-10-29,501,Notebook,9,4.63,41.67,2130,
1040,2,Suburb,2025-10-11,501,Notebook,6,1.91,11.46,2488,OFFER20
1041,3,Airport,2025-10-24,506,Highlighter,6,5.63,33.78,2461,
1042,3,Airport,2025-10-25,502,Pen,4,4.44,17.76,2129,DISC10
1043,1,Downtown,2025-10-27,506,Highlighter,3,6.18,18.54,2009,DISC10
1044,1,Downtown,2025-10-11,504,Folder,7,5.33,37.31,2422,
1045,3,Airport,2025-10-28,502,Pen,6,7.12,42.72,2253,OFFER20
1046,3,Airport,2025-10-05,503,Stapler,9,0.83,7.47,2210,DISC5
1047,1,Downtown,2025-10-14,504,Folder,1,9.61,9.61,2151,
1048,2,Suburb,2025-10-05,504,Folder,10,8.7,87.0,2366,DISC10
1049,3,Airport,2025-10-25,501,Notebook,9,3.23,29.07,2496,
1050,1,Downtown,2025-10-19,506,Highlighter,5,3.94,19.7,2096,
1051,1,Downtown,2025-10-25,506,Highlighter,3,5.29,15.87,2074,
1052,2,Suburb,2025-10-03,501,Notebook,6,9.08,54.48,2250,
1053,1,Downtown,2025-10-16,503,Stapler,7,3.71,25.97,2447,
1054,2,Suburb,2025-10-03,504,Folder,3,2.51,7.53,2278,DISC5
1055,1,Downtown,2025-10-26,503,Stapler,1,5.75,5.75,2492,DISC10
1056,1,Downtown,2025-10-18,503,Stapler,7,8.22,57.54,2266,
1057,3,Airport,2025-10-28,503,Stapler,5,8.58,42.9,2131,OFFER20
1058,3,Airport,2025-10-19,506,Highlighter,5,9.98,49.9,2163,DISC10
1059,1,Downtown,2025-10-10,505,Marker,6,8.37,50.22,2149,
1060,3,Airport,2025-10-13,502,Pen,9,8.48,76.32,2253,DISC5
1061,3,Airport,2025-10-12,505,Marker,4,6.05,24.2,2469,
1062,3,Airport,2025-10-12,504,Folder,7,1.22,8.54,2261,DISC10
1063,2,Suburb,2025-10-18,501,Notebook,6,6.38,38.28,2336,
1064,2,Suburb,2025-10-28,505,Marker,2,9.11,18.22,2387,DISC10
1065,2,Suburb,2025-10-10,501,Notebook,9,7.22,64.98,2063,OFFER20
1066,3,Airport,2025-10-24,501,Notebook,8,3.49,27.92,2183,DISC10
1067,1,Downtown,2025-10-16,503,Stapler,4,9.55,38.2,2297,DISC5
1068,3,Airport,2025-10-20,502,Pen,1,6.98,6.98,2279,DISC10
1069,2,Suburb,2025-10-14,505,Marker,2,3.12,6.24,2425,DISC10
1070,3,Airport,2025-10-01,501,Notebook,9,5.43,48.87,2089,DISC10
1071,3,Airport,2025-10-05,502,Pen,6,5.51,33.06,2432,DISC10
1072,1,Downtown,2025-10-14,502,Pen,3,3.17,9.51,2394,DISC10
1073,2,Suburb,2025-10-17,502,Pen,9,8.71,78.39,2271,DISC10
1074,2,Suburb,2025-10-23,503,Stapler,1,0.51,0.51,2200,DISC5
1075,2,Suburb,2025-10-30,502,Pen,2,1.62,3.24,2235,DISC5
1076,2,Suburb,2025-10-07,505,Marker,9,5.47,49.23,2312,DISC10
1077,3,Airport,2025-10-24,504,Folder,8,8.22,65.76,2049,DISC5
1078,1,Downtown,2025-10-14,504,Folder,10,4.27,42.7,2344,
1079,3,Airport,2025-10-09,503,Stapler,7,2.92,20.44,2259,OFFER20
1080,2,Suburb,2025-10-20,506,Highlighter,9,9.91,89.19,2452,DISC10
1081,1,Downtown,2025-10-18,501,Notebook,9,3.48,31.32,2174,
1082,1,Downtown,2025-10-09,502,Pen,1,7.14,7.14,2483,
1083,1,Downtown,2025-10-05,504,Folder,5,4.7,23.5,2278,
1084,1,Downtown,2025-10-12,501,Notebook,1,1.42,1.42,2102,
1085,3,Airport,2025-10-08,503,Stapler,7,7.92,55.44,2070,OFFER20
1086,3,Airport,2025-10-20,506,Highlighter,1,6.12,6.12,2427,OFFER20
1087,2,Suburb,2025-10-23,505,Marker,5,3.63,18.15,2382,OFFER20
1088,2,Suburb,2025-10-13,501,Notebook,4,2.51,10.04,2403,
1089,1,Downtown,2025-10-14,502,Pen,10,8.34,83.4,2229,
1090,2,Suburb,2025-10-23,505,Marker,10,9.21,92.1,2226,DISC10
1091,2,Suburb,2025-10-24,502,Pen,4,7.48,29.92,2370,DISC5
1092,2,Suburb,2025-10-20,504,Folder,1,1.56,1.56,2362,DISC5
1093,2,Suburb,2025-10-07,505,Marker,7,5.54,38.78,2168,DISC5
1094,3,Airport,2025-10-29,504,Folder,10,9.51,95.1,2038,
1095,3,Airport,2025-10-15,505,Marker,10,7.47,74.7,2486,
1096,2,Suburb,2025-10-23,503,Stapler,5,1.54,7.7,2225,DISC10
1097,1,Downtown,2025-10-24,506,Highlighter,9,4.02,36.18,2246,OFFER20
1098,3,Airport,2025-10-09,503,Stapler,8,4.56,36.48,2321,DISC5
1099,2,Suburb,2025-10-29,504,Folder,3,8.07,24.21,2141,
1100,1,Downtown,2025-10-15,506,Highlighter,5,7.25,36.25,2147,DISC5
1101,3,Airport,2025-10-06,505,Marker,2,4.07,8.14,2400,OFFER20
1102,2,Suburb,2025-10-02,502,Pen,9,1.24,11.16,2253,DISC5
1103,1,Downtown,2025-10-19,501,Notebook,1,7.13,7.13,2159,DISC10
1104,2,Suburb,2025-10-26,506,Highlighter,3,0.74,2.22,2050,OFFER20
1105,3,Airport,2025-10-12,504,Folder,9,4.79,43.11,2430,DISC10
1106,2,Suburb,2025-10-19,504,Folder,7,2.58,18.06,2215,
1107,2,Suburb,2025-10-29,503,Stapler,2,4.77,9.54,2192,
1108,3,Airport,2025-10-13,506,Highlighter,3,3.77,11.31,2218,DISC5
1109,1,Downtown,2025-10-07,505,Marker,6,9.45,56.7,2392,
1110,1,Downtown,2025-10-14,505,Marker,7,6.51,45.57,2186,DISC10
1111,3,Airport,2025-10-07,504,Folder,10,4.9,49.0,2443,OFFER20
1112,2,Suburb,2025-10-07,502,Pen,9,6.81,61.29,2020,DISC5
1113,3,Airport,2025-10-11,501,Notebook,9,7.05,63.45,2238,
1114,3,Airport,2025-10-03,504,Folder,5,8.49,42.45,2074,
1115,3,Airport,2025-10-27,505,Marker,5,7.38,36.9,2035,
1116,2,Suburb,2025-10-27,502,Pen,3,6.8,20.4,2406,DISC5
1117,1,Downtown,2025-10-08,505,Marker,6,6.04,36.24,2284,DISC5
1118,3,Airport,2025-10-26,506,Highlighter,6,7.35,44.1,2188,OFFER20
1119,3,Airport,2025-10-27,504,Folder,6,1.25,7.5,2441,OFFER20
1120,2,Suburb,2025-10-04,501,Notebook,2,3.76,7.52,2046,DISC10
1121,2,Suburb,2025-10-05,504,Folder,6,8.84,53.04,2482,
1122,3,Airport,2025-10-10,506,Highlighter,1,1.14,1.14,2101,OFFER20
1123,3,Airport,2025-10-06,506,Highlighter,5,4.59,22.95,2101,OFFER20
1124,1,Downtown,2025-10-22,506,Highlighter,7,1.58,11.06,2137,
1125,1,Downtown,2025-10-14,502,Pen,6,3.59,21.54,2159,DISC10
1126,2,Suburb,2025-10-19,502,Pen,10,5.95,59.5,2158,
1127,2,Suburb,2025-10-27,501,Notebook,5,7.43,37.15,2342,
1128,3,Airport,2025-10-27,501,Notebook,5,2.04,10.2,2476,
1129,3,Airport,2025-10-16,505,Marker,10,9.3,93.0,2082,
1130,3,Airport,2025-10-06,504,Folder,3,4.29,12.87,2125,DISC5
1131,3,Airport,2025-10-20,505,Marker,4,9.7,38.8,2240,
1132,1,Downtown,2025-10-20,503,Stapler,7,7.6,53.2,2293,DISC10
1133,2,Suburb,2025-10-25,502,Pen,3,9.43,28.29,2089,DISC10
1134,1,Downtown,2025-10-03,501,Notebook,7,8.12,56.84,2102,DISC10
1135,3,Airport,2025-10-25,505,Marker,7,6.72,47.04,2128,
1136,1,Downtown,2025-10-12,501,Notebook,1,8.37,8.37,2033,DISC5
1137,1,Downtown,2025-10-13,504,Folder,1,1.92,1.92,2228,
1138,3,Airport,2025-10-01,503,Stapler,7,5.73,40.11,2298,DISC10
1139,3,Airport,2025-10-01,501,Notebook,2,6.54,13.08,2321,DISC10
1140,2,Suburb,2025-10-04,504,Folder,3,1.65,4.95,2417,OFFER20
1141,2,Suburb,2025-10-19,503,Stapler,2,4.33,8.66,2458,DISC10
1142,2,Suburb,2025-10-09,504,Folder,7,5.48,38.36,2149,DISC10
1143,1,Downtown,2025-10-01,505,Marker,8,5.55,44.4,2281,
1144,1,Downtown,2025-10-22,505,Marker,6,9.16,54.96,2367,
1145,2,Suburb,2025-10-08,505,Marker,6,2.43,14.58,2407,
1146,3,Airport,2025-10-02,506,Highlighter,6,2.99,17.94,2016,OFFER20
1147,3,Airport,2025-10-16,506,Highlighter,4,4.96,19.84,2466,DISC5
1148,2,Suburb,2025-10-23,501,Notebook,8,5.24,41.92,2258,
1149,1,Downtown,2025-10-25,506,Highlighter,3,3.36,10.08,2029,OFFER20
1150,2,Suburb,2025-10-28,502,Pen,5,1.0,5.0,2134,
1151,3,Airport,2025-10-28,503,Stapler,10,0.78,7.8,2249,DISC10
1152,1,Downtown,2025-10-23,505,Marker,1,0.87,0.87,2152,OFFER20
1153,2,Suburb,2025-10-28,505,Marker,3,1.5,4.5,2367,DISC10
1154,3,Airport,2025-10-06,503,Stapler,6,0.96,5.76,2005,
1155,1,Downtown,2025-10-24,504,Folder,10,2.37,23.7,2478,
1156,2,Suburb,2025-10-04,502,Pen,2,4.61,9.22,2257,OFFER20
1157,3,Airport,2025-10-29,505,Marker,8,2.08,16.64,2336,DISC10
1158,2,Suburb,2025-10-27,506,Highlighter,3,9.78,29.34,2240,
1159,1,Downtown,2025-10-04,501,Notebook,5,8.99,44.95,2229,
1160,2,Suburb,2025-10-09,506,Highlighter,6,0.99,5.94,2029,OFFER20
1161,3,Airport,2025-10-26,503,Stapler,8,8.77,70.16,2139,
1162,1,Downtown,2025-10-03,503,Stapler,3,4.82,14.46,2282,
1163,2,Suburb,2025-10-23,501,Notebook,7,5.6,39.2,2179,
1164,2,Suburb,2025-10-15,502,Pen,4,9.34,37.36,2255,DISC5
1165,2,Suburb,2025-10-17,502,Pen,8,3.03,24.24,2222,OFFER20
1166,1,Downtown,2025-10-20,504,Folder,10,3.98,39.8,2142,DISC10
1167,3,Airport,2025-10-11,504,Folder,5,6.83,34.15,2167,
1168,3,Airport,2025-10-01,504,Folder,9,5.81,52.29,2264,
1169,3,Airport,2025-10-07,502,Pen,6,5.76,34.56,2171,DISC5
1170,3,Airport,2025-10-08,505,Marker,2,7.56,15.12,2382,DISC10
1171,1,Downtown,2025-10-06,505,Marker,1,2.89,2.89,2079,
1172,3,Airport,2025-10-01,506,Highlighter,5,9.2,46.0,2029,OFFER20
1173,2,Suburb,2025-10-19,506,Highlighter,6,2.54,15.24,2174,DISC10
1174,1,Downtown,2025-10-22,502,Pen,4,8.67,34.68,2301,DISC5
1175,2,Suburb,2025-10-08,503,Stapler,6,3.48,20.88,2264,DISC5
1176,2,Suburb,2025-10-17,505,Marker,2,0.64,1.28,2113,
1177,1,Downtown,2025-10-24,503,Stapler,6,3.43,20.58,2322,DISC10
1178,3,Airport,2025-10-07,504,Folder,7,4.89,34.23,2226,DISC5
1179,2,Suburb,2025-10-18,502,Pen,2,9.81,19.62,2176,DISC5
1180,1,Downtown,2025-10-21,501,Notebook,1,6.75,6.75,2020,
1181,3,Airport,2025-10-24,505,Marker,5,7.15,35.75,2419,OFFER20
1182,2,Suburb,2025-10-29,502,Pen,2,2.74,5.48,2254,OFFER20
1183,2,Suburb,2025-10-15,501,Notebook,6,7.58,45.48,2354,DISC5
1184,3,Airport,2025-10-23,502,Pen,1,2.11,2.11,2168,DISC10
1185,3,Airport,2025-10-16,506,Highlighter,4,1.47,5.88,2377,
1186,3,Airport,2025-10-29,503,Stapler,10,6.15,61.5,2282,DISC10
1187,3,Airport,2025-10-18,502,Pen,1,7.55,7.55,2354,DISC5
1188,1,Downtown,2025-10-14,502,Pen,9,7.94,71.46,2480,
1189,1,Downtown,2025-10-14,501,Notebook,4,6.36,25.44,2317,DISC5
1190,2,Suburb,2025-10-02,501,Notebook,4,1.74,6.96,2459,DISC5
1191,1,Downtown,2025-10-10,505,Marker,3,3.57,10.71,2036,
1192,3,Airport,2025-10-30,501,Notebook,7,8.32,58.24,2434,DISC5
1193,1,Downtown,2025-10-04,503,Stapler,6,6.7,40.2,2254,
1194,2,Suburb,2025-10-15,502,Pen,5,3.57,17.85,2463,
1195,1,Downtown,2025-10-04,506,Highlighter,4,9.01,36.04,2420,
1196,1,Downtown,2025-10-23,502,Pen,8,7.4,59.2,2157,DISC5
1197,3,Airport,2025-10-26,502,Pen,6,5.11,30.66,2263,DISC10
1198,1,Downtown,2025-10-22,502,Pen,7,4.69,32.83,2030,OFFER20
1199,1,Downtown,2025-10-20,506,Highlighter,4,5.66,22.64,2216,
1200,1,Downtown,2025-10-29,501,Notebook,5,7.4,37.0,2380,DISC5
1201,1,Downtown,2025-10-06,501,Notebook,8,2.3,18.4,2478,DISC10
1202,2,Suburb,2025-10-22,506,Highlighter,3,4.78,14.34,2013,
1203,2,Suburb,2025-10-14,503,Stapler,1,1.41,1.41,2417,DISC5
1204,3,Airport,2025-10-13,502,Pen,3,9.78,29.34,2348,OFFER20
1205,2,Suburb,2025-10-08,506,Highlighter,10,7.89,78.9,2390,
1206,2,Suburb,2025-10-02,502,Pen,10,6.18,61.8,2052,OFFER20
1207,2,Suburb,2025-10-14,505,Marker,5,1.05,5.25,2170,
1208,3,Airport,2025-10-14,505,Marker,4,3.73,14.92,2370,DISC5
1209,2,Suburb,2025-10-25,503,Stapler,6,6.3,37.8,2244,DISC10
1210,1,Downtown,2025-10-16,506,Highlighter,4,7.25,29.0,2081,OFFER20
1211,1,Downtown,2025-10-24,506,Highlighter,2,5.94,11.88,2256,OFFER20
1212,3,Airport,2025-10-26,503,Stapler,10,8.08,80.8,2389,
1213,3,Airport,2025-10-07,505,Marker,7,6.08,42.56,2466,
1214,1,Downtown,2025-10-19,506,Highlighter,4,9.48,37.92,2047,
1215,2,Suburb,2025-10-03,502,Pen,5,4.06,20.3,2041,DISC5
1216,1,Downtown,2025-10-11,505,Marker,8,5.57,44.56,2129,
1217,1,Downtown,2025-10-30,502,Pen,7,7.89,55.23,2355,DISC10
1218,1,Downtown,2025-10-04,506,Highlighter,3,7.42,22.26,2147,
1219,2,Suburb,2025-10-28,503,Stapler,2,9.84,19.68,2121,
1220,1,Downtown,2025-10-20,504,Folder,9,4.54,40.86,2481,DISC5
1221,2,Suburb,2025-10-12,503,Stapler,5,9.72,48.6,2474,
1222,2,Suburb,2025-10-17,501,Notebook,10,9.79,97.9,2449,
1223,2,Suburb,2025-10-05,504,Folder,1,5.71,5.71,2351,
1224,2,Suburb,2025-10-30,503,Stapler,9,1.12,10.08,2035,
1225,2,Suburb,2025-10-20,505,Marker,2,4.04,8.08,2038,
1226,1,Downtown,2025-10-08,502,Pen,5,0.7,3.5,2361,DISC5
1227,3,Airport,2025-10-10,505,Marker,6,8.59,51.54,2068,
1228,3,Airport,2025-10-06,505,Marker,10,0.66,6.6,2220,OFFER20
1229,3,Airport,2025-10-12,503,Stapler,6,4.24,25.44,2369,OFFER20
1230,3,Airport,2025-10-06,504,Folder,5,4.04,20.2,2161,
1231,3,Airport,2025-10-04,505,Marker,5,3.72,18.6,2032,DISC10
1232,3,Airport,2025-10-24,503,Stapler,7,0.63,4.41,2363,
1233,2,Suburb,2025-10-15,501,Notebook,2,0.76,1.52,2112,
1234,1,Downtown,2025-10-02,503,Stapler,5,6.12,30.6,2100,
1235,3,Airport,2025-10-28,506,Highlighter,10,3.55,35.5,2059,
1236,2,Suburb,2025-10-04,505,Marker,5,9.5,47.5,2443,OFFER20
1237,1,Downtown,2025-10-29,503,Stapler,4,6.55,26.2,2499,
1238,2,Suburb,2025-10-30,503,Stapler,4,4.01,16.04,2343,DISC5
1239,2,Suburb,2025-10-29,501,Notebook,8,6.85,54.8,2436,DISC5
1240,1,Downtown,2025-10-24,505,Marker,5,4.88,24.4,2379,
1241,1,Downtown,2025-10-07,505,Marker,4,4.68,18.72,2475,
1242,1,Downtown,2025-10-23,505,Marker,10,7.96,79.6,2250,
1243,1,Downtown,2025-10-15,503,Stapler,7,3.93,27.51,2060,
1244,2,Suburb,2025-10-20,506,Highlighter,4,1.52,6.08,2204,
1245,3,Airport,2025-10-04,504,Folder,1,9.38,9.38,2231,DISC5
1246,3,Airport,2025-10-01,503,Stapler,7,0.58,4.06,2224,
1247,3,Airport,2025-10-29,502,Pen,8,8.51,68.08,2404,DISC10
1248,3,Airport,2025-10-26,505,Marker,3,3.09,9.27,2421,DISC10
1249,2,Suburb,2025-10-01,506,Highlighter,2,1.81,3.62,2096,OFFER20
1250,2,Suburb,2025-10-10,501,Notebook,3,3.71,11.13,2072,OFFER20
1251,3,Airport,2025-10-08,503,Stapler,10,9.82,98.2,2058,
1252,1,Downtown,2025-10-28,506,Highlighter,4,8.36,33.44,2200,DISC10
1253,2,Suburb,2025-10-29,502,Pen,10,6.06,60.6,2348,
1254,1,Downtown,2025-10-26,503,Stapler,10,6.73,67.3,2218,OFFER20
1255,2,Suburb,2025-10-05,503,Stapler,8,8.81,70.48,2004,
1256,2,Suburb,2025-10-20,503,Stapler,7,0.87,6.09,2242,DISC5
1257,3,Airport,2025-10-12,506,Highlighter,6,9.54,57.24,2284,
1258,1,Downtown,2025-10-25,506,Highlighter,2,7.38,14.76,2322,DISC10
1259,1,Downtown,2025-10-13,501,Notebook,8,2.22,17.76,2316,DISC5
1260,1,Downtown,2025-10-29,504,Folder,6,3.01,18.06,2221,
1261,2,Suburb,2025-10-14,502,Pen,9,2.5,22.5,2294,DISC10
1262,3,Airport,2025-10-02,505,Marker,2,4.81,9.62,2008,DISC5
1263,2,Suburb,2025-10-25,503,Stapler,1,2.5,2.5,2163,DISC10
1264,1,Downtown,2025-10-07,502,Pen,9,8.29,74.61,2460,DISC5
1265,2,Suburb,2025-10-28,503,Stapler,2,2.4,4.8,2234,
1266,3,Airport,2025-10-22,505,Marker,4,8.98,35.92,2318,DISC5
1267,1,Downtown,2025-10-08,505,Marker,3,9.59,28.77,2342,OFFER20
1268,3,Airport,2025-10-05,502,Pen,6,5.22,31.32,2489,DISC5
1269,2,Suburb,2025-10-05,503,Stapler,4,5.14,20.56,2480,
1270,2,Suburb,2025-10-02,501,Notebook,3,7.56,22.68,2038,
1271,2,Suburb,2025-10-17,502,Pen,2,9.22,18.44,2315,DISC10
1272,2,Suburb,2025-10-04,501,Notebook,1,6.81,6.81,2362,DISC5
1273,2,Suburb,2025-10-30,502,Pen,3,5.18,15.54,2408,
1274,2,Suburb,2025-10-01,504,Folder,1,5.21,5.21,2103,
1275,2,Suburb,2025-10-05,502,Pen,2,3.24,6.48,2063,DISC5
1276,2,Suburb,2025-10-16,502,Pen,10,2.35,23.5,2017,OFFER20
1277,3,Airport,2025-10-14,502,Pen,10,7.25,72.5,2341,
1278,2,Suburb,2025-10-03,504,Folder,3,1.42,4.26,2061,
1279,1,Downtown,2025-10-13,504,Folder,10,6.32,63.2,2490,
1280,3,Airport,2025-10-23,506,Highlighter,6,8.38,50.28,2478,DISC5
1281,1,Downtown,2025-10-05,503,Stapler,9,6.92,62.28,2088,
1282,3,Airport,2025-10-11,506,Highlighter,9,8.94,80.46,2142,
1283,2,Suburb,2025-10-23,506,Highlighter,9,7.67,69.03,2310,OFFER20
1284,1,Downtown,2025-10-11,501,Notebook,3,2.58,7.74,2282,OFFER20
1285,3,Airport,2025-10-16,505,Marker,1,3.3,3.3,2389,
1286,2,Suburb,2025-10-30,504,Folder,2,8.17,16.34,2167,DISC10
1287,3,Airport,2025-10-13,502,Pen,7,3.67,25.69,2260,DISC10
1288,3,Airport,2025-10-02,506,Highlighter,7,4.25,29.75,2408,
1289,3,Airport,2025-10-04,502,Pen,3,7.81,23.43,2008,OFFER20
1290,3,Airport,2025-10-01,501,Notebook,10,6.92,69.2,2221,
1291,2,Suburb,2025-10-17,504,Folder,4,4.4,17.6,2037,DISC10
1292,3,Airport,2025-10-17,504,Folder,8,4.09,32.72,2207,
1293,3,Airport,2025-10-24,505,Marker,3,3.45,10.35,2223,
1294,2,Suburb,2025-10-09,502,Pen,6,0.81,4.86,2170,
1295,3,Airport,2025-10-19,501,Notebook,9,3.07,27.63,2182,DISC5
1296,3,Airport,2025-10-04,503,Stapler,8,3.96,31.68,2156,DISC5
1297,1,Downtown,2025-10-12,504,Folder,1,5.43,5.43,2291,DISC10
1298,1,Downtown,2025-10-04,503,Stapler,5,9.35,46.75,2198,DISC10
1299,3,Airport,2025-10-12,503,Stapler,1,4.45,4.45,2364,DISC5
1300,1,Downtown,2025-10-28,505,Marker,10,2.03,20.3,2442,
1301,2,Suburb,2025-10-14,501,Notebook,10,4.11,41.1,2072,DISC10
1302,2,Suburb,2025-10-27,505,Marker,1,9.65,9.65,2072,DISC10
1303,2,Suburb,2025-10-17,505,Marker,2,5.72,11.44,2074,DISC5
1304,3,Airport,2025-10-28,503,Stapler,4,6.88,27.52,2215,
1305,2,Suburb,2025-10-09,505,Marker,3,9.81,29.43,2492,DISC5
1306,3,Airport,2025-10-01,502,Pen,10,6.56,65.6,2334,
1307,1,Downtown,2025-10-23,501,Notebook,9,2.09,18.81,2441,OFFER20
1308,3,Airport,2025-10-16,504,Folder,8,7.55,60.4,2040,
1309,2,Suburb,2025-10-10,505,Marker,3,1.13,3.39,2356,
1310,2,Suburb,2025-10-11,502,Pen,7,5.89,41.23,2145,
1311,3,Airport,2025-10-08,502,Pen,1,4.91,4.91,2081,DISC10
1312,2,Suburb,2025-10-03,502,Pen,5,8.3,41.5,2297,
1313,2,Suburb,2025-10-13,504,Folder,8,6.84,54.72,2278,DISC5
1314,2,Suburb,2025-10-09,506,Highlighter,7,4.13,28.91,2372,
1315,1,Downtown,2025-10-20,502,Pen,10,5.03,50.3,2288,DISC10
1316,3,Airport,2025-10-24,504,Folder,9,0.62,5.58,2021,DISC5
1317,3,Airport,2025-10-06,504,Folder,7,9.02,63.14,2332,DISC10
1318,2,Suburb,2025-10-05,504,Folder,5,2.74,13.7,2129,
1319,1,Downtown,2025-10-06,502,Pen,9,9.73,87.57,2358,DISC5
1320,2,Suburb,2025-10-28,504,Folder,2,0.51,1.02,2029,
1321,1,Downtown,2025-10-20,502,Pen,5,7.57,37.85,2157,DISC5
1322,1,Downtown,2025-10-22,501,Notebook,2,3.45,6.9,2135,DISC5
1323,2,Suburb,2025-10-07,505,Marker,4,1.01,4.04,2157,DISC5
1324,2,Suburb,2025-10-20,501,Notebook,3,4.28,12.84,2444,DISC5
1325,2,Suburb,2025-10-18,504,Folder,6,5.32,31.92,2194,
1326,1,Downtown,2025-10-13,505,Marker,5,8.74,43.7,2298,DISC5
1327,3,Airport,2025-10-18,505,Marker,1,5.16,5.16,2019,DISC5
1328,3,Airport,2025-10-11,501,Notebook,5,5.58,27.9,2464,
1329,2,Suburb,2025-10-11,505,Marker,2,6.86,13.72,2015,
1330,2,Suburb,2025-10-22,503,Stapler,3,5.6,16.8,2230,DISC10
1331,1,Downtown,2025-10-08,502,Pen,9,2.66,23.94,2069,DISC5
1332,3,Airport,2025-10-16,501,Notebook,5,2.94,14.7,2242,
1333,2,Suburb,2025-10-15,504,Folder,7,2.99,20.93,2379,DISC10
1334,3,Airport,2025-10-22,504,Folder,3,5.77,17.31,2383,DISC10
1335,1,Downtown,2025-10-23,502,Pen,1,2.97,2.97,2379,DISC10
1336,2,Suburb,2025-10-25,501,Notebook,7,3.86,27.02,2324,DISC5
1337,3,Airport,2025-10-17,501,Notebook,4,8.84,35.36,2089,
1338,3,Airport,2025-10-21,504,Folder,9,8.05,72.45,2276,DISC10
1339,1,Downtown,2025-10-14,504,Folder,3,3.55,10.65,2317,DISC5
1340,2,Suburb,2025-10-20,502,Pen,6,2.58,15.48,2186,OFFER20
1341,2,Suburb,2025-10-30,505,Marker,3,3.32,9.96,2290,
1342,2,Suburb,2025-10-07,504,Folder,5,5.21,26.05,2269,
1343,2,Suburb,2025-10-29,503,Stapler,7,1.27,8.89,2006,DISC10
1344,3,Airport,2025-10-18,502,Pen,2,3.7,7.4,2007,
1345,1,Downtown,2025-10-26,505,Marker,1,7.05,7.05,2342,DISC10
1346,2,Suburb,2025-10-02,501,Notebook,3,5.6,16.8,2189,DISC10
1347,2,Suburb,2025-10-27,501,Notebook,10,7.49,74.9,2410,DISC10
1348,2,Suburb,2025-10-30,501,Notebook,5,7.31,36.55,2285,OFFER20
1349,3,Airport,2025-10-13,505,Marker,2,4.82,9.64,2123,
1350,2,Suburb,2025-10-25,502,Pen,6,8.0,48.0,2181,DISC10
1351,1,Downtown,2025-10-13,503,Stapler,9,5.82,52.38,2039,DISC5
1352,3,Airport,2025-10-13,505,Marker,10,6.89,68.9,2031,
1353,3,Airport,2025-10-03,504,Folder,4,0.94,3.76,2345,DISC10
1354,1,Downtown,2025-10-14,501,Notebook,8,3.14,25.12,2114,
1355,3,Airport,2025-10-23,506,Highlighter,1,8.67,8.67,2214,DISC10
1356,3,Airport,2025-10-15,502,Pen,6,4.23,25.38,2376,DISC10
1357,2,Suburb,2025-10-16,501,Notebook,10,8.26,82.6,2140,DISC5
1358,2,Suburb,2025-10-16,506,Highlighter,4,1.0,4.0,2367,DISC5
1359,2,Suburb,2025-10-23,505,Marker,4,4.24,16.96,2066,
1360,2,Suburb,2025-10-09,505,Marker,5,9.35,46.75,2109,
1361,2,Suburb,2025-10-10,504,Folder,4,7.87,31.48,2073,
1362,2,Suburb,2025-10-07,503,Stapler,9,1.3,11.7,2035,
1363,1,Downtown,2025-10-25,504,Folder,5,1.76,8.8,2410,
1364,1,Downtown,2025-10-13,502,Pen,9,7.49,67.41,2372,DISC10
1365,1,Downtown,2025-10-10,501,Notebook,5,7.12,35.6,2435,
1366,2,Suburb,2025-10-03,504,Folder,7,2.42,16.94,2362,
1367,2,Suburb,2025-10-22,503,Stapler,4,7.07,28.28,2394,
1368,2,Suburb,2025-10-09,506,Highlighter,1,6.96,6.96,2259,DISC5
1369,3,Airport,2025-10-03,501,Notebook,7,9.47,66.29,2071,OFFER20
1370,2,Suburb,2025-10-24,505,Marker,4,5.36,21.44,2075,
1371,2,Suburb,2025-10-04,501,Notebook,6,9.55,57.3,2465,OFFER20
1372,2,Suburb,2025-10-11,501,Notebook,1,9.09,9.09,2206,
1373,3,Airport,2025-10-11,505,Marker,8,6.13,49.04,2157,DISC10
1374,1,Downtown,2025-10-18,501,Notebook,2,5.36,10.72,2457,
1375,3,Airport,2025-10-10,501,Notebook,1,5.88,5.88,2491,DISC5
1376,3,Airport,2025-10-29,505,Marker,1,8.0,8.0,2199,DISC10
1377,2,Suburb,2025-10-28,501,Notebook,4,7.23,28.92,2196,
1378,3,Airport,2025-10-07,506,Highlighter,2,5.9,11.8,2271,
1379,3,Airport,2025-10-25,503,Stapler,2,0.94,1.88,2089,OFFER20
1380,2,Suburb,2025-10-28,503,Stapler,9,6.01,54.09,2428,
1381,1,Downtown,2025-10-13,503,Stapler,9,1.28,11.52,2074,DISC5
1382,1,Downtown,2025-10-04,505,Marker,3,7.54,22.62,2340,OFFER20
1383,2,Suburb,2025-10-24,502,Pen,3,7.68,23.04,2431,
1384,2,Suburb,2025-10-30,502,Pen,2,9.34,18.68,2043,DISC10
1385,2,Suburb,2025-10-11,501,Notebook,7,9.98,69.86,2276,DISC10
1386,1,Downtown,2025-10-13,505,Marker,1,6.48,6.48,2019,
1387,3,Airport,2025-10-28,506,Highlighter,5,5.15,25.75,2462,OFFER20
1388,2,Suburb,2025-10-29,504,Folder,5,7.99,39.95,2210,
1389,1,Downtown,2025-10-28,503,Stapler,10,6.72,67.2,2493,OFFER20
1390,2,Suburb,2025-10-25,504,Folder,9,0.86,7.74,2180,
1391,2,Suburb,2025-10-06,506,Highlighter,1,1.53,1.53,2456,DISC5
1392,1,Downtown,2025-10-06,505,Marker,8,4.39,35.12,2365,
1393,3,Airport,2025-10-19,504,Folder,4,7.08,28.32,2369,DISC5
1394,3,Airport,2025-10-22,504,Folder,6,4.32,25.92,2191,
1395,1,Downtown,2025-10-20,505,Marker,6,5.24,31.44,2482,
1396,2,Suburb,2025-10-16,505,Marker,10,0.87,8.7,2362,
1397,2,Suburb,2025-10-22,504,Folder,4,9.63,38.52,2244,OFFER20
1398,3,Airport,2025-10-14,503,Stapler,5,3.38,16.9,2427,
1399,2,Suburb,2025-10-25,501,Notebook,3,8.53,25.59,2112,DISC5
1400,1,Downtown,2025-10-21,506,Highlighter,2,7.96,15.92,2072,DISC5
1401,3,Airport,2025-10-22,503,Stapler,1,7.81,7.81,2258,DISC5
1402,2,Suburb,2025-10-15,504,Folder,5,9.75,48.75,2350,DISC5
1403,2,Suburb,2025-10-18,502,Pen,9,4.38,39.42,2248,DISC10
1404,3,Airport,2025-10-21,505,Marker,4,7.76,31.04,2146,
1405,1,Downtown,2025-10-03,505,Marker,10,3.14,31.4,2335,OFFER20
1406,3,Airport,2025-10-27,506,Highlighter,2,4.33,8.66,2052,OFFER20
1407,3,Airport,2025-10-25,506,Highlighter,10,5.69,56.9,2258,OFFER20
1408,1,Downtown,2025-10-01,506,Highlighter,10,2.13,21.3,2303,DISC5
1409,1,Downtown,2025-10-18,501,Notebook,4,4.02,16.08,2154,
1410,1,Downtown,2025-10-29,503,Stapler,1,2.5,2.5,2344,DISC5
1411,2,Suburb,2025-10-27,503,Stapler,8,4.71,37.68,2381,OFFER20
1412,3,Airport,2025-10-28,504,Folder,7,7.6,53.2,2220,
1413,2,Suburb,2025-10-25,503,Stapler,4,4.35,17.4,2372,
1414,3,Airport,2025-10-02,502,Pen,10,2.35,23.5,2375,DISC10
1415,3,Airport,2025-10-01,504,Folder,4,3.48,13.92,2011,DISC5
1416,1,Downtown,2025-10-17,504,Folder,9,5.07,45.63,2255,
1417,1,Downtown,2025-10-19,501,Notebook,9,2.85,25.65,2300,
1418,2,Suburb,2025-10-05,503,Stapler,4,6.17,24.68,2327,DISC5
1419,3,Airport,2025-10-05,505,Marker,4,9.22,36.88,2267,OFFER20
1420,1,Downtown,2025-10-19,502,Pen,10,9.21,92.1,2098,
1421,2,Suburb,2025-10-08,501,Notebook,5,3.66,18.3,2421,DISC10
1422,3,Airport,2025-10-20,504,Folder,5,0.69,3.45,2115,
1423,3,Airport,2025-10-09,502,Pen,10,8.82,88.2,2211,DISC5
1424,2,Suburb,2025-10-30,504,Folder,7,4.19,29.33,2400,DISC10
1425,2,Suburb,2025-10-07,505,Marker,1,4.78,4.78,2014,
1426,1,Downtown,2025-10-10,506,Highlighter,7,4.84,33.88,2297,OFFER20
1427,2,Suburb,2025-10-06,506,Highlighter,10,5.1,51.0,2002,
1428,2,Suburb,2025-10-03,504,Folder,4,9.64,38.56,2302,OFFER20
1429,3,Airport,2025-10-30,501,Notebook,2,8.14,16.28,2031,DISC10
1430,2,Suburb,2025-10-05,502,Pen,5,4.92,24.6,2233,DISC5
1431,3,Airport,2025-10-06,506,Highlighter,6,9.09,54.54,2410,
1432,3,Airport,2025-10-25,504,Folder,10,4.16,41.6,2407,DISC5
1433,3,Airport,2025-10-08,504,Folder,2,7.75,15.5,2241,OFFER20
1434,2,Suburb,2025-10-12,506,Highlighter,2,2.11,4.22,2372,
1435,1,Downtown,2025-10-20,506,Highlighter,7,4.07,28.49,2058,DISC10
1436,2,Suburb,2025-10-08,503,Stapler,9,9.6,86.4,2335,
1437,3,Airport,2025-10-11,505,Marker,5,2.33,11.65,2468,DISC5
1438,2,Suburb,2025-10-07,506,Highlighter,7,3.8,26.6,2351,
1439,3,Airport,2025-10-20,505,Marker,2,6.21,12.42,2229,DISC5
1440,2,Suburb,2025-10-28,501,Notebook,3,5.86,17.58,2278,
1441,3,Airport,2025-10-05,502,Pen,6,5.33,31.98,2492,
1442,1,Downtown,2025-10-06,506,Highlighter,1,1.57,1.57,2067,DISC10
1443,1,Downtown,2025-10-10,506,Highlighter,8,7.83,62.64,2333,DISC5
1444,3,Airport,2025-10-05,504,Folder,4,2.65,10.6,2325,
1445,3,Airport,2025-10-12,502,Pen,3,1.24,3.72,2310,DISC10
1446,1,Downtown,2025-10-25,504,Folder,1,5.29,5.29,2015,DISC10
1447,1,Downtown,2025-10-06,501,Notebook,1,6.09,6.09,2241,DISC10
1448,2,Suburb,2025-10-27,504,Folder,4,8.53,34.12,2122,DISC5
1449,2,Suburb,2025-10-02,501,Notebook,7,7.4,51.8,2164,DISC5
1450,3,Airport,2025-10-02,505,Marker,6,9.03,54.18,2383,DISC5
1451,3,Airport,2025-10-30,506,Highlighter,7,7.95,55.65,2182,
1452,1,Downtown,2025-10-25,504,Folder,7,7.62,53.34,2033,OFFER20
1453,3,Airport,2025-10-10,505,Marker,6,4.34,26.04,2073,DISC5
1454,2,Suburb,2025-10-24,503,Stapler,8,3.22,25.76,2021,DISC10
1455,2,Suburb,2025-10-09,504,Folder,3,4.54,13.62,2223,DISC10
1456,1,Downtown,2025-10-04,504,Folder,3,8.65,25.95,2331,DISC10
1457,2,Suburb,2025-10-26,502,Pen,3,8.15,24.45,2386,
1458,3,Airport,2025-10-13,503,Stapler,10,3.57,35.7,2169,
1459,3,Airport,2025-10-06,502,Pen,8,8.3,66.4,2494,DISC5
1460,3,Airport,2025-10-17,501,Notebook,2,8.11,16.22,2338,
1461,1,Downtown,2025-10-01,504,Folder,3,1.24,3.72,2004,
1462,3,Airport,2025-10-29,504,Folder,7,4.01,28.07,2393,
1463,1,Downtown,2025-10-18,506,Highlighter,1,8.01,8.01,2105,DISC10
1464,3,Airport,2025-10-28,502,Pen,3,8.36,25.08,2127,DISC10
1465,1,Downtown,2025-10-18,505,Marker,10,2.09,20.9,2418,
1466,1,Downtown,2025-10-05,502,Pen,8,5.35,42.8,2486,OFFER20
1467,3,Airport,2025-10-13,502,Pen,10,9.71,97.1,2371,OFFER20
1468,3,Airport,2025-10-18,505,Marker,1,6.36,6.36,2165,DISC10
1469,3,Airport,2025-10-15,505,Marker,10,4.03,40.3,2121,
1470,2,Suburb,2025-10-05,506,Highlighter,2,2.91,5.82,2399,
1471,1,Downtown,2025-10-25,503,Stapler,1,7.07,7.07,2164,DISC5
1472,2,Suburb,2025-10-28,504,Folder,4,2.39,9.56,2175,
1473,3,Airport,2025-10-26,505,Marker,10,5.45,54.5,2363,
1474,1,Downtown,2025-10-03,504,Folder,8,2.97,23.76,2332,DISC5
1475,3,Airport,2025-10-22,504,Folder,9,2.11,18.99,2388,
1476,3,Airport,2025-10-01,502,Pen,9,3.77,33.93,2224,OFFER20
1477,2,Suburb,2025-10-12,504,Folder,2,9.37,18.74,2489,
1478,3,Airport,2025-10-28,504,Folder,5,7.8,39.0,2374,DISC10
1479,1,Downtown,2025-10-03,505,Marker,5,7.17,35.85,2005,
1480,2,Suburb,2025-10-18,506,Highlighter,5,3.54,17.7,2209,DISC5
1481,1,Downtown,2025-10-24,503,Stapler,8,8.52,68.16,2001,
1482,3,Airport,2025-10-16,503,Stapler,10,6.04,60.4,2086,
1483,3,Airport,2025-10-04,504,Folder,9,3.02,27.18,2124,OFFER20
1484,2,Suburb,2025-10-20,505,Marker,10,8.13,81.3,2150,
1485,2,Suburb,2025-10-16,501,Notebook,3,2.15,6.45,2485,DISC10
1486,1,Downtown,2025-10-25,505,Marker,9,2.81,25.29,2441,
1487,1,Downtown,2025-10-28,502,Pen,2,2.6,5.2,2455,OFFER20
1488,3,Airport,2025-10-12,501,Notebook,5,7.14,35.7,2342,DISC5
1489,3,Airport,2025-10-12,504,Folder,7,6.24,43.68,2067,OFFER20
1490,2,Suburb,2025-10-27,506,Highlighter,9,1.51,13.59,2185,
1491,3,Airport,2025-10-02,503,Stapler,6,1.93,11.58,2486,
1492,3,Airport,2025-10-24,502,Pen,10,9.74,97.4,2276,
1493,1,Downtown,2025-10-19,502,Pen,10,6.3,63.0,2222,
1494,1,Downtown,2025-10-20,506,Highlighter,3,2.79,8.37,2426,
1495,2,Suburb,2025-10-25,502,Pen,6,2.42,14.52,2081,OFFER20
1496,2,Suburb,2025-10-05,504,Folder,9,3.14,28.26,2098,
1497,3,Airport,2025-10-08,502,Pen,9,5.72,51.48,2281,
1498,3,Airport,2025-10-20,504,Folder,8,2.89,23.12,2472,
1499,3,Airport,2025-10-24,501,Notebook,3,1.57,4.71,2158,DISC5
1500,2,Suburb,2025-10-01,501,Notebook,2,1.1,2.2,2441,
1501,2,Suburb,2025-10-24,506,Highlighter,10,6.6,66.0,2261,DISC5
1502,3,Airport,2025-10-12,501,Notebook,3,1.16,3.48,2097,
1503,1,Downtown,2025-10-09,501,Notebook,7,3.28,22.96,2306,OFFER20
1504,2,Suburb,2025-10-27,503,Stapler,6,1.61,9.66,2208,
1505,1,Downtown,2025-10-17,502,Pen,3,1.36,4.08,2140,OFFER20
1506,1,Downtown,2025-10-07,501,Notebook,4,8.02,32.08,2349,
1507,2,Suburb,2025-10-07,501,Notebook,10,9.88,98.8,2224,DISC10
1508,3,Airport,2025-10-01,502,Pen,5,7.32,36.6,2129,OFFER20
1509,2,Suburb,2025-10-19,503,Stapler,1,2.95,2.95,2435,DISC10
1510,2,Suburb,2025-10-21,506,Highlighter,4,3.37,13.48,2433,
1511,3,Airport,2025-10-02,506,Highlighter,3,7.02,21.06,2037,
1512,3,Airport,2025-10-27,502,Pen,1,7.56,7.56,2475,
1513,3,Airport,2025-10-02,504,Folder,1,2.58,2.58,2175,DISC10
1514,1,Downtown,2025-10-06,503,Stapler,9,8.83,79.47,2191,
1515,3,Airport,2025-10-29,506,Highlighter,10,3.35,33.5,2303,DISC10
1516,2,Suburb,2025-10-01,505,Marker,7,6.09,42.63,2194,
1517,2,Suburb,2025-10-10,501,Notebook,5,1.67,8.35,2496,
1518,3,Airport,2025-10-17,505,Marker,10,2.83,28.3,2385,DISC10
1519,2,Suburb,2025-10-08,503,Stapler,3,7.38,22.14,2365,
1520,3,Airport,2025-10-27,502,Pen,4,6.51,26.04,2205,OFFER20
1521,3,Airport,2025-10-09,502,Pen,7,5.83,40.81,2294,DISC10
1522,1,Downtown,2025-10-02,504,Folder,2,8.99,17.98,2163,DISC10
1523,1,Downtown,2025-10-14,506,Highlighter,1,8.3,8.3,2045,OFFER20
1524,3,Airport,2025-10-26,501,Notebook,4,5.87,23.48,2224,
1525,2,Suburb,2025-10-21,504,Folder,2,7.78,15.56,2417,OFFER20
1526,2,Suburb,2025-10-29,501,Notebook,3,6.98,20.94,2496,
1527,2,Suburb,2025-10-09,501,Notebook,1,8.95,8.95,2196,
1528,3,Airport,2025-10-29,502,Pen,8,8.36,66.88,2256,DISC10
1529,1,Downtown,2025-10-06,502,Pen,4,0.7,2.8,2355,DISC10
1530,2,Suburb,2025-10-30,501,Notebook,1,0.52,0.52,2015,DISC5
1531,2,Suburb,2025-10-14,503,Stapler,6,1.52,9.12,2055,OFFER20
1532,3,Airport,2025-10-16,504,Folder,10,5.7,57.0,2048,OFFER20
1533,2,Suburb,2025-10-22,503,Stapler,6,8.6,51.6,2092,
1534,1,Downtown,2025-10-09,501,Notebook,4,0.69,2.76,2289,
1535,3,Airport,2025-10-13,506,Highlighter,9,0.86,7.74,2175,
1536,2,Suburb,2025-10-19,505,Marker,6,3.47,20.82,2383,DISC5
1537,2,Suburb,2025-10-03,502,Pen,7,4.41,30.87,2163,
1538,3,Airport,2025-10-19,503,Stapler,10,2.41,24.1,2460,
1539,2,Suburb,2025-10-06,503,Stapler,1,2.77,2.77,2075,DISC10
1540,2,Suburb,2025-10-26,502,Pen,3,0.82,2.46,2065,DISC5
1541,2,Suburb,2025-10-14,505,Marker,6,1.98,11.88,2131,
1542,2,Suburb,2025-10-21,505,Marker,6,6.93,41.58,2460,
1543,2,Suburb,2025-10-20,503,Stapler,5,6.83,34.15,2127,DISC10
1544,3,Airport,2025-10-24,505,Marker,1,1.0,1.0,2145,
1545,2,Suburb,2025-10-13,505,Marker,8,5.84,46.72,2135,OFFER20
1546,3,Airport,2025-10-06,501,Notebook,6,8.53,51.18,2169,OFFER20
1547,2,Suburb,2025-10-18,501,Notebook,10,9.85,98.5,2189,
1548,1,Downtown,2025-10-22,501,Notebook,7,5.11,35.77,2193,
1549,3,Airport,2025-10-06,503,Stapler,5,9.98,49.9,2414,DISC10
1550,3,Airport,2025-10-09,505,Marker,4,9.05,36.2,2091,
1551,1,Downtown,2025-10-01,505,Marker,1,7.04,7.04,2427,
1552,1,Downtown,2025-10-22,503,Stapler,3,4.01,12.03,2190,
1553,2,Suburb,2025-10-09,502,Pen,3,2.58,7.74,2182,DISC10
1554,1,Downtown,2025-10-28,503,Stapler,5,1.08,5.4,2374,
1555,2,Suburb,2025-10-08,504,Folder,7,3.39,23.73,2366,
1556,3,Airport,2025-10-19,506,Highlighter,4,3.61,14.44,2015,DISC10
1557,3,Airport,2025-10-03,506,Highlighter,1,8.02,8.02,2326,
1558,1,Downtown,2025-10-27,501,Notebook,7,7.02,49.14,2027,DISC5
1559,2,Suburb,2025-10-24,503,Stapler,6,8.34,50.04,2217,
1560,2,Suburb,2025-10-28,503,Stapler,9,7.03,63.27,2061,
1561,2,Suburb,2025-10-27,503,Stapler,8,6.17,49.36,2124,DISC5
1562,1,Downtown,2025-10-03,506,Highlighter,9,5.1,45.9,2042,DISC10
1563,2,Suburb,2025-10-24,505,Marker,3,8.37,25.11,2240,
1564,1,Downtown,2025-10-14,503,Stapler,6,4.44,26.64,2109,OFFER20
1565,3,Airport,2025-10-03,506,Highlighter,2,2.35,4.7,2111,
1566,3,Airport,2025-10-11,504,Folder,5,4.41,22.05,2409,
1567,1,Downtown,2025-10-16,504,Folder,1,2.01,2.01,2247,OFFER20
1568,2,Suburb,2025-10-06,503,Stapler,6,9.18,55.08,2292,
1569,3,Airport,2025-10-02,502,Pen,5,5.15,25.75,2210,
1570,2,Suburb,2025-10-18,504,Folder,4,9.84,39.36,2113,
1571,2,Suburb,2025-10-02,501,Notebook,1,7.77,7.77,2304,
1572,1,Downtown,2025-10-21,501,Notebook,9,3.19,28.71,2468,DISC5
1573,2,Suburb,2025-10-11,504,Folder,6,1.72,10.32,2233,
1574,2,Suburb,2025-10-15,501,Notebook,3,2.6,7.8,2392,
1575,2,Suburb,2025-10-19,505,Marker,6,3.19,19.14,2382,OFFER20
1576,3,Airport,2025-10-09,503,Stapler,1,7.7,7.7,2138,
1577,1,Downtown,2025-10-14,503,Stapler,5,3.33,16.65,2129,DISC5
1578,3,Airport,2025-10-23,501,Notebook,5,5.98,29.9,2129,DISC5
1579,3,Airport,2025-10-08,506,Highlighter,10,5.72,57.2,2300,DISC5
1580,1,Downtown,2025-10-30,501,Notebook,4,9.6,38.4,2204,
1581,1,Downtown,2025-10-28,501,Notebook,6,5.46,32.76,2332,OFFER20
1582,1,Downtown,2025-10-15,501,Notebook,10,4.39,43.9,2185,DISC10
1583,2,Suburb,2025-10-10,503,Stapler,6,2.66,15.96,2397,
1584,1,Downtown,2025-10-07,502,Pen,4,8.65,34.6,2171,
1585,1,Downtown,2025-10-13,502,Pen,6,1.88,11.28,2179,DISC10
1586,1,Downtown,2025-10-30,506,Highlighter,5,6.34,31.7,2356,DISC10
1587,3,Airport,2025-10-02,504,Folder,10,2.84,28.4,2352,OFFER20
1588,2,Suburb,2025-10-30,502,Pen,1,3.28,3.28,2364,DISC5
1589,2,Suburb,2025-10-05,501,Notebook,1,7.27,7.27,2109,DISC10
1590,1,Downtown,2025-10-30,502,Pen,6,6.82,40.92,2198,
1591,1,Downtown,2025-10-15,505,Marker,8,7.03,56.24,2023,DISC10
1592,1,Downtown,2025-10-28,501,Notebook,1,9.64,9.64,2131,OFFER20
1593,2,Suburb,2025-10-27,505,Marker,10,5.8,58.0,2224,
1594,3,Airport,2025-10-12,505,Marker,9,1.16,10.44,2315,DISC5
1595,3,Airport,2025-10-06,505,Marker,2,7.74,15.48,2310,
1596,1,Downtown,2025-10-24,505,Marker,6,7.87,47.22,2422,
1597,2,Suburb,2025-10-02,503,Stapler,9,7.52,67.68,2409,
1598,3,Airport,2025-10-30,506,Highlighter,9,1.81,16.29,2378,DISC10
1599,2,Suburb,2025-10-06,506,Highlighter,2,2.28,4.56,2452,DISC5
1600,2,Suburb,2025-10-14,506,Highlighter,5,1.51,7.55,2400,OFFER20
1601,3,Airport,2025-10-17,505,Marker,2,4.21,8.42,2360,OFFER20
1602,1,Downtown,2025-10-14,506,Highlighter,1,6.83,6.83,2288,
1603,1,Downtown,2025-10-09,505,Marker,9,8.15,73.35,2261,DISC5
1604,2,Suburb,2025-10-02,502,Pen,5,0.89,4.45,2319,DISC10
1605,3,Airport,2025-10-22,501,Notebook,3,3.93,11.79,2016,
1606,2,Suburb,2025-10-10,502,Pen,3,7.09,21.27,2060,DISC5
1607,1,Downtown,2025-10-29,504,Folder,7,6.46,45.22,2268,
1608,2,Suburb,2025-10-08,504,Folder,1,9.87,9.87,2006,DISC10
1609,3,Airport,2025-10-21,502,Pen,4,6.95,27.8,2489,DISC10
1610,3,Airport,2025-10-09,506,Highlighter,5,7.04,35.2,2109,
1611,1,Downtown,2025-10-04,506,Highlighter,5,6.51,32.55,2019,
1612,3,Airport,2025-10-13,504,Folder,4,0.88,3.52,2242,DISC10
1613,2,Suburb,2025-10-16,502,Pen,5,1.4,7.0,2230,
1614,2,Suburb,2025-10-02,505,Marker,3,8.2,24.6,2401,DISC5
1615,1,Downtown,2025-10-25,504,Folder,5,0.52,2.6,2421,DISC10
1616,1,Downtown,2025-10-09,502,Pen,10,7.84,78.4,2363,
1617,1,Downtown,2025-10-09,501,Notebook,8,0.8,6.4,2191,DISC5
1618,1,Downtown,2025-10-04,501,Notebook,4,1.16,4.64,2492,OFFER20
1619,2,Suburb,2025-10-19,502,Pen,5,8.3,41.5,2287,
1620,1,Downtown,2025-10-15,501,Notebook,2,7.72,15.44,2221,OFFER20
1621,2,Suburb,2025-10-04,505,Marker,9,3.49,31.41,2167,
1622,3,Airport,2025-10-06,503,Stapler,7,7.99,55.93,2162,
1623,1,Downtown,2025-10-27,501,Notebook,4,0.56,2.24,2220,
1624,2,Suburb,2025-10-04,504,Folder,5,3.82,19.1,2015,DISC5
1625,1,Downtown,2025-10-10,503,Stapler,6,8.03,48.18,2465,
1626,2,Suburb,2025-10-03,505,Marker,7,6.82,47.74,2263,DISC10
1627,2,Suburb,2025-10-04,506,Highlighter,2,3.36,6.72,2430,
1628,3,Airport,2025-10-27,505,Marker,2,7.71,15.42,2465,
1629,1,Downtown,2025-10-24,504,Folder,5,6.27,31.35,2125,DISC5
1630,3,Airport,2025-10-30,503,Stapler,10,7.99,79.9,2270,
1631,1,Downtown,2025-10-03,503,Stapler,3,5.31,15.93,2202,
1632,2,Suburb,2025-10-18,503,Stapler,5,7.56,37.8,2067,
1633,2,Suburb,2025-10-20,502,Pen,10,1.87,18.7,2411,
1634,3,Airport,2025-10-26,501,Notebook,4,3.53,14.12,2173,DISC10
1635,2,Suburb,2025-10-06,503,Stapler,9,4.9,44.1,2123,DISC10
1636,3,Airport,2025-10-19,505,Marker,5,8.5,42.5,2332,DISC5
1637,3,Airport,2025-10-26,501,Notebook,3,3.0,9.0,2472,OFFER20
1638,3,Airport,2025-10-02,501,Notebook,8,5.89,47.12,2139,
1639,1,Downtown,2025-10-25,503,Stapler,1,1.14,1.14,2415,OFFER20
1640,3,Airport,2025-10-18,501,Notebook,8,7.75,62.0,2372,OFFER20
1641,3,Airport,2025-10-14,505,Marker,3,8.19,24.57,2412,DISC5
1642,1,Downtown,2025-10-21,504,Folder,4,2.64,10.56,2017,OFFER20
1643,3,Airport,2025-10-22,502,Pen,8,4.9,39.2,2500,
1644,2,Suburb,2025-10-21,504,Folder,5,1.65,8.25,2114,
1645,2,Suburb,2025-10-01,506,Highlighter,8,1.77,14.16,2243,
1646,1,Downtown,2025-10-07,504,Folder,3,4.86,14.58,2014,OFFER20
1647,1,Downtown,2025-10-01,501,Notebook,1,8.59,8.59,2126,DISC10
1648,1,Downtown,2025-10-13,502,Pen,7,3.93,27.51,2026,
1649,3,Airport,2025-10-23,505,Marker,8,8.92,71.36,2265,DISC5
1650,1,Downtown,2025-10-12,505,Marker,4,6.86,27.44,2218,
1651,1,Downtown,2025-10-28,506,Highlighter,6,4.54,27.24,2259,
1652,3,Airport,2025-10-20,505,Marker,6,4.56,27.36,2093,DISC10
1653,2,Suburb,2025-10-19,506,Highlighter,7,5.37,37.59,2016,OFFER20
1654,2,Suburb,2025-10-28,506,Highlighter,2,7.6,15.2,2258,DISC5
1655,2,Suburb,2025-10-01,502,Pen,3,1.2,3.6,2291,
1656,3,Airport,2025-10-04,505,Marker,7,9.55,66.85,2065,
1657,1,Downtown,2025-10-21,502,Pen,6,5.57,33.42,2164,DISC5
1658,1,Downtown,2025-10-02,502,Pen,4,5.89,23.56,2249,DISC10
1659,3,Airport,2025-10-08,503,Stapler,6,8.06,48.36,2169,DISC5
1660,1,Downtown,2025-10-26,504,Folder,10,7.28,72.8,2002,DISC10
1661,3,Airport,2025-10-21,502,Pen,6,0.89,5.34,2039,
1662,3,Airport,2025-10-03,503,Stapler,3,1.33,3.99,2275,
1663,1,Downtown,2025-10-29,503,Stapler,1,2.37,2.37,2247,DISC5
1664,2,Suburb,2025-10-11,504,Folder,10,5.03,50.3,2384,DISC5
1665,2,Suburb,2025-10-27,506,Highlighter,2,9.59,19.18,2496,DISC10
1666,2,Suburb,2025-10-07,502,Pen,7,9.03,63.21,2334,
1667,1,Downtown,2025-10-03,503,Stapler,1,0.95,0.95,2070,
1668,1,Downtown,2025-10-17,502,Pen,3,8.53,25.59,2285,
1669,2,Suburb,2025-10-14,501,Notebook,4,1.08,4.32,2416,
1670,2,Suburb,2025-10-25,501,Notebook,4,9.83,39.32,2019,OFFER20
1671,3,Airport,2025-10-06,504,Folder,5,5.12,25.6,2429,DISC10
1672,1,Downtown,2025-10-06,502,Pen,9,6.81,61.29,2369,DISC5
1673,1,Downtown,2025-10-05,502,Pen,6,8.1,48.6,2073,OFFER20
1674,3,Airport,2025-10-18,503,Stapler,1,5.9,5.9,2462,
1675,1,Downtown,2025-10-19,502,Pen,5,6.51,32.55,2217,DISC5
1676,3,Airport,2025-10-04,505,Marker,5,4.4,22.0,2069,
1677,3,Airport,2025-10-05,504,Folder,3,2.28,6.84,2145,DISC10
1678,2,Suburb,2025-10-24,503,Stapler,7,5.95,41.65,2125,
1679,3,Airport,2025-10-11,503,Stapler,10,1.59,15.9,2182,DISC5
1680,3,Airport,2025-10-11,504,Folder,10,4.0,40.0,2161,OFFER20
1681,1,Downtown,2025-10-15,504,Folder,2,1.82,3.64,2477,DISC10
1682,2,Suburb,2025-10-13,504,Folder,5,7.37,36.85,2273,DISC5
1683,1,Downtown,2025-10-08,504,Folder,7,1.61,11.27,2447,OFFER20
1684,1,Downtown,2025-10-17,501,Notebook,1,2.0,2.0,2004,OFFER20
1685,2,Suburb,2025-10-30,505,Marker,2,9.82,19.64,2375,
1686,3,Airport,2025-10-06,502,Pen,1,5.79,5.79,2422,OFFER20
1687,3,Airport,2025-10-05,504,Folder,6,6.38,38.28,2489,OFFER20
1688,2,Suburb,2025-10-03,502,Pen,3,9.88,29.64,2136,DISC5
1689,3,Airport,2025-10-06,506,Highlighter,8,3.31,26.48,2458,
1690,2,Suburb,2025-10-05,503,Stapler,6,7.66,45.96,2306,
1691,2,Suburb,2025-10-27,504,Folder,1,1.74,1.74,2441,
1692,2,Suburb,2025-10-23,504,Folder,7,6.27,43.89,2038,OFFER20
1693,3,Airport,2025-10-27,503,Stapler,9,8.7,78.3,2107,
1694,3,Airport,2025-10-10,505,Marker,8,5.01,40.08,2490,DISC5
1695,1,Downtown,2025-10-17,506,Highlighter,1,1.64,1.64,2200,DISC5
1696,3,Airport,2025-10-01,504,Folder,10,7.4,74.0,2071,DISC10
1697,3,Airport,2025-10-18,501,Notebook,8,1.42,11.36,2167,
1698,1,Downtown,2025-10-20,503,Stapler,8,9.32,74.56,2381,
1699,1,Downtown,2025-10-12,503,Stapler,4,9.53,38.12,2108,
1700,1,Downtown,2025-10-18,505,Marker,7,2.41,16.87,2488,
1701,1,Downtown,2025-10-13,506,Highlighter,10,2.15,21.5,2237,DISC5
1702,3,Airport,2025-10-05,504,Folder,7,7.86,55.02,2260,DISC10
1703,1,Downtown,2025-10-22,504,Folder,4,8.1,32.4,2413,
1704,2,Suburb,2025-10-15,503,Stapler,10,3.82,38.2,2276,DISC10
1705,3,Airport,2025-10-25,504,Folder,7,3.35,23.45,2276,
1706,1,Downtown,2025-10-14,501,Notebook,3,8.0,24.0,2312,DISC10
1707,1,Downtown,2025-10-20,506,Highlighter,9,0.93,8.37,2452,DISC10
1708,1,Downtown,2025-10-28,506,Highlighter,5,9.97,49.85,2045,OFFER20
1709,2,Suburb,2025-10-03,503,Stapler,3,9.46,28.38,2008,
1710,1,Downtown,2025-10-27,505,Marker,4,9.48,37.92,2045,OFFER20
1711,3,Airport,2025-10-15,501,Notebook,5,2.44,12.2,2459,DISC5
1712,1,Downtown,2025-10-01,501,Notebook,9,1.5,13.5,2301,DISC5
1713,3,Airport,2025-10-05,503,Stapler,3,1.96,5.88,2447,DISC5
1714,3,Airport,2025-10-03,501,Notebook,4,4.19,16.76,2377,
1715,1,Downtown,2025-10-18,504,Folder,3,9.53,28.59,2205,
1716,1,Downtown,2025-10-02,502,Pen,10,2.05,20.5,2416,OFFER20
1717,3,Airport,2025-10-23,504,Folder,3,4.54,13.62,2366,DISC10
1718,1,Downtown,2025-10-23,504,Folder,7,0.73,5.11,2385,OFFER20
1719,1,Downtown,2025-10-20,506,Highlighter,3,3.51,10.53,2282,OFFER20
1720,3,Airport,2025-10-19,506,Highlighter,10,2.64,26.4,2207,DISC5
1721,3,Airport,2025-10-22,504,Folder,1,5.78,5.78,2280,DISC5
1722,1,Downtown,2025-10-08,505,Marker,5,2.35,11.75,2365,
1723,1,Downtown,2025-10-27,505,Marker,6,0.88,5.28,2336,OFFER20
1724,2,Suburb,2025-10-22,503,Stapler,10,5.47,54.7,2329,
1725,1,Downtown,2025-10-09,502,Pen,2,2.86,5.72,2261,DISC10
1726,1,Downtown,2025-10-07,503,Stapler,3,7.24,21.72,2352,DISC10
1727,1,Downtown,2025-10-12,505,Marker,3,6.83,20.49,2274,DISC10
1728,1,Downtown,2025-10-06,505,Marker,8,6.93,55.44,2441,DISC5
1729,1,Downtown,2025-10-09,505,Marker,2,3.68,7.36,2397,
1730,1,Downtown,2025-10-28,501,Notebook,5,6.9,34.5,2219,
1731,3,Airport,2025-10-24,503,Stapler,4,2.76,11.04,2046,DISC10
1732,2,Suburb,2025-10-05,501,Notebook,3,5.58,16.74,2273,OFFER20
1733,1,Downtown,2025-10-29,505,Marker,2,1.63,3.26,2261,DISC5
1734,1,Downtown,2025-10-18,505,Marker,4,8.62,34.48,2081,
1735,2,Suburb,2025-10-22,502,Pen,3,3.25,9.75,2388,DISC10
1736,2,Suburb,2025-10-20,501,Notebook,1,7.51,7.51,2305,DISC5
1737,1,Downtown,2025-10-04,503,Stapler,7,3.86,27.02,2133,
1738,2,Suburb,2025-10-06,502,Pen,10,8.47,84.7,2421,OFFER20
1739,3,Airport,2025-10-23,505,Marker,4,6.83,27.32,2426,DISC5
1740,3,Airport,2025-10-08,502,Pen,8,2.26,18.08,2210,DISC5
1741,1,Downtown,2025-10-01,506,Highlighter,8,6.44,51.52,2364,OFFER20
1742,2,Suburb,2025-10-28,506,Highlighter,6,5.85,35.1,2084,DISC5
1743,1,Downtown,2025-10-25,506,Highlighter,9,7.01,63.09,2058,DISC5
1744,2,Suburb,2025-10-13,501,Notebook,7,7.57,52.99,2389,
1745,1,Downtown,2025-10-12,502,Pen,7,3.48,24.36,2280,DISC5
1746,2,Suburb,2025-10-24,503,Stapler,3,7.51,22.53,2480,DISC10
1747,3,Airport,2025-10-15,506,Highlighter,8,6.54,52.32,2440,DISC10
1748,3,Airport,2025-10-04,506,Highlighter,4,5.24,20.96,2157,DISC5
1749,1,Downtown,2025-10-27,506,Highlighter,4,9.83,39.32,2274,DISC10
1750,1,Downtown,2025-10-26,506,Highlighter,5,2.63,13.15,2479,OFFER20
1751,2,Suburb,2025-10-25,503,Stapler,8,9.58,76.64,2156,DISC10
1752,2,Suburb,2025-10-27,505,Marker,5,6.82,34.1,2058,
1753,1,Downtown,2025-10-19,504,Folder,4,9.59,38.36,2233,
1754,2,Suburb,2025-10-14,501,Notebook,4,1.22,4.88,2284,DISC5
1755,3,Airport,2025-10-09,503,Stapler,1,2.89,2.89,2333,DISC10
1756,3,Airport,2025-10-23,503,Stapler,3,6.0,18.0,2443,
1757,2,Suburb,2025-10-12,503,Stapler,3,6.59,19.77,2127,DISC5
1758,2,Suburb,2025-10-12,503,Stapler,1,4.67,4.67,2378,
1759,3,Airport,2025-10-05,501,Notebook,7,4.97,34.79,2224,OFFER20
1760,2,Suburb,2025-10-19,503,Stapler,9,5.0,45.0,2180,DISC10
1761,1,Downtown,2025-10-10,506,Highlighter,1,4.21,4.21,2391,OFFER20
1762,1,Downtown,2025-10-16,503,Stapler,9,1.03,9.27,2421,DISC10
1763,3,Airport,2025-10-19,503,Stapler,9,7.33,65.97,2012,OFFER20
1764,2,Suburb,2025-10-28,503,Stapler,6,1.09,6.54,2149,
1765,3,Airport,2025-10-07,502,Pen,1,3.49,3.49,2287,DISC10
1766,1,Downtown,2025-10-17,504,Folder,2,0.74,1.48,2006,OFFER20
1767,3,Airport,2025-10-17,501,Notebook,10,7.66,76.6,2072,OFFER20
1768,1,Downtown,2025-10-02,506,Highlighter,7,8.91,62.37,2417,DISC10
1769,3,Airport,2025-10-14,506,Highlighter,7,9.68,67.76,2052,DISC10
1770,3,Airport,2025-10-28,506,Highlighter,4,8.91,35.64,2127,
1771,1,Downtown,2025-10-21,501,Notebook,1,6.32,6.32,2384,OFFER20
1772,1,Downtown,2025-10-27,503,Stapler,5,5.02,25.1,2477,DISC5
1773,1,Downtown,2025-10-13,503,Stapler,4,7.22,28.88,2309,OFFER20
1774,3,Airport,2025-10-15,506,Highlighter,2,0.67,1.34,2210,OFFER20
1775,3,Airport,2025-10-27,501,Notebook,7,9.3,65.1,2203,DISC10
1776,3,Airport,2025-10-26,506,Highlighter,8,6.32,50.56,2262,OFFER20
1777,3,Airport,2025-10-04,506,Highlighter,6,9.77,58.62,2365,
1778,1,Downtown,2025-10-21,506,Highlighter,5,0.97,4.85,2295,OFFER20
1779,2,Suburb,2025-10-14,503,Stapler,10,1.21,12.1,2318,OFFER20
1780,3,Airport,2025-10-04,501,Notebook,10,8.69,86.9,2164,OFFER20
1781,1,Downtown,2025-10-10,503,Stapler,5,3.96,19.8,2121,DISC5
1782,1,Downtown,2025-10-26,506,Highlighter,6,1.79,10.74,2455,
1783,3,Airport,2025-10-17,505,Marker,7,7.93,55.51,2442,DISC10
1784,1,Downtown,2025-10-22,504,Folder,9,5.18,46.62,2407,
1785,1,Downtown,2025-10-11,503,Stapler,8,8.93,71.44,2029,OFFER20
1786,3,Airport,2025-10-09,501,Notebook,3,6.47,19.41,2445,OFFER20
1787,2,Suburb,2025-10-05,504,Folder,5,7.72,38.6,2275,
1788,3,Airport,2025-10-29,506,Highlighter,6,7.09,42.54,2385,DISC5
1789,1,Downtown,2025-10-19,505,Marker,10,0.52,5.2,2132,
1790,2,Suburb,2025-10-04,505,Marker,7,3.22,22.54,2441,OFFER20
1791,3,Airport,2025-10-08,502,Pen,7,1.54,10.78,2231,
1792,1,Downtown,2025-10-18,504,Folder,6,9.49,56.94,2069,
1793,1,Downtown,2025-10-24,502,Pen,7,1.35,9.45,2289,DISC10
1794,3,Airport,2025-10-28,502,Pen,10,9.77,97.7,2161,OFFER20
1795,1,Downtown,2025-10-04,504,Folder,5,5.05,25.25,2351,
1796,2,Suburb,2025-10-08,502,Pen,6,9.57,57.42,2255,OFFER20
1797,2,Suburb,2025-10-10,502,Pen,10,7.48,74.8,2053,OFFER20
1798,3,Airport,2025-10-19,503,Stapler,10,5.49,54.9,2428,
1799,2,Suburb,2025-10-07,505,Marker,8,6.44,51.52,2190,
1800,3,Airport,2025-10-12,501,Notebook,1,7.93,7.93,2179,DISC5
1801,2,Suburb,2025-10-24,501,Notebook,6,8.69,52.14,2088,DISC10
1802,1,Downtown,2025-10-10,504,Folder,1,9.24,9.24,2095,OFFER20
1803,2,Suburb,2025-10-09,502,Pen,4,8.1,32.4,2432,
1804,3,Airport,2025-10-12,505,Marker,4,3.78,15.12,2253,
1805,3,Airport,2025-10-21,501,Notebook,4,5.24,20.96,2367,
1806,2,Suburb,2025-10-25,503,Stapler,1,2.18,2.18,2428,DISC5
1807,2,Suburb,2025-10-05,506,Highlighter,10,4.48,44.8,2042,OFFER20
1808,3,Airport,2025-10-01,503,Stapler,9,2.89,26.01,2074,DISC10
1809,2,Suburb,2025-10-06,502,Pen,1,8.25,8.25,2330,
1810,2,Suburb,2025-10-09,503,Stapler,6,5.38,32.28,2456,DISC5
1811,1,Downtown,2025-10-14,504,Folder,3,1.61,4.83,2112,OFFER20
1812,2,Suburb,2025-10-08,506,Highlighter,5,2.35,11.75,2140,DISC5
1813,1,Downtown,2025-10-19,505,Marker,10,2.18,21.8,2072,OFFER20
1814,1,Downtown,2025-10-13,504,Folder,6,5.59,33.54,2068,DISC5
1815,2,Suburb,2025-10-19,503,Stapler,8,9.19,73.52,2110,
1816,1,Downtown,2025-10-14,505,Marker,10,1.4,14.0,2389,OFFER20
1817,1,Downtown,2025-10-05,503,Stapler,4,8.97,35.88,2478,
1818,3,Airport,2025-10-21,502,Pen,7,6.48,45.36,2349,
1819,2,Suburb,2025-10-24,506,Highlighter,3,3.2,9.6,2237,
1820,1,Downtown,2025-10-12,504,Folder,10,9.05,90.5,2189,OFFER20
1821,3,Airport,2025-10-27,506,Highlighter,9,4.17,37.53,2138,OFFER20
1822,1,Downtown,2025-10-22,501,Notebook,6,6.38,38.28,2220,
1823,1,Downtown,2025-10-03,505,Marker,9,6.13,55.17,2319,
1824,1,Downtown,2025-10-22,501,Notebook,5,4.4,22.0,2101,OFFER20
1825,2,Suburb,2025-10-02,503,Stapler,9,6.28,56.52,2403,OFFER20
1826,2,Suburb,2025-10-09,503,Stapler,10,2.1,21.0,2291,
1827,1,Downtown,2025-10-28,503,Stapler,1,4.16,4.16,2076,DISC5
1828,3,Airport,2025-10-17,504,Folder,9,8.28,74.52,2193,DISC10
1829,1,Downtown,2025-10-09,504,Folder,2,4.97,9.94,2042,DISC5
1830,1,Downtown,2025-10-14,506,Highlighter,5,4.52,22.6,2464,
1831,1,Downtown,2025-10-15,501,Notebook,10,0.99,9.9,2094,OFFER20
1832,1,Downtown,2025-10-24,502,Pen,5,7.01,35.05,2169,
1833,1,Downtown,2025-10-29,501,Notebook,2,4.95,9.9,2169,DISC5
1834,3,Airport,2025-10-10,501,Notebook,10,6.85,68.5,2267,OFFER20
1835,3,Airport,2025-10-09,503,Stapler,10,6.32,63.2,2367,OFFER20
1836,3,Airport,2025-10-29,506,Highlighter,1,8.02,8.02,2322,OFFER20
1837,3,Airport,2025-10-25,505,Marker,4,5.19,20.76,2063,DISC5
1838,1,Downtown,2025-10-12,506,Highlighter,8,8.8,70.4,2404,DISC5
1839,3,Airport,2025-10-08,504,Folder,4,9.4,37.6,2052,DISC10
1840,3,Airport,2025-10-24,506,Highlighter,7,0.72,5.04,2410,
1841,1,Downtown,2025-10-11,505,Marker,1,1.29,1.29,2263,DISC5
1842,2,Suburb,2025-10-08,504,Folder,2,7.52,15.04,2120,DISC5
1843,3,Airport,2025-10-18,506,Highlighter,8,8.39,67.12,2136,DISC5
1844,3,Airport,2025-10-28,503,Stapler,7,1.0,7.0,2327,
1845,3,Airport,2025-10-11,503,Stapler,4,9.7,38.8,2441,
1846,2,Suburb,2025-10-18,506,Highlighter,2,4.37,8.74,2129,
1847,2,Suburb,2025-10-21,503,Stapler,7,4.72,33.04,2188,OFFER20
1848,2,Suburb,2025-10-20,504,Folder,6,3.11,18.66,2387,
1849,3,Airport,2025-10-29,506,Highlighter,5,2.31,11.55,2406,OFFER20
1850,1,Downtown,2025-10-09,504,Folder,4,7.08,28.32,2069,DISC5
1851,1,Downtown,2025-10-13,502,Pen,10,4.31,43.1,2466,DISC10
1852,1,Downtown,2025-10-26,503,Stapler,2,3.44,6.88,2257,OFFER20
1853,1,Downtown,2025-10-11,503,Stapler,10,1.67,16.7,2027,DISC5
1854,3,Airport,2025-10-23,503,Stapler,10,6.72,67.2,2289,DISC5
1855,3,Airport,2025-10-02,502,Pen,3,9.64,28.92,2381,DISC10
1856,1,Downtown,2025-10-26,502,Pen,1,3.36,3.36,2299,DISC10
1857,3,Airport,2025-10-20,503,Stapler,2,9.06,18.12,2436,OFFER20
1858,3,Airport,2025-10-20,502,Pen,6,8.09,48.54,2090,OFFER20
1859,2,Suburb,2025-10-22,502,Pen,5,4.83,24.15,2286,OFFER20
1860,1,Downtown,2025-10-18,505,Marker,2,0.6,1.2,2062,DISC10
1861,2,Suburb,2025-10-08,505,Marker,1,1.78,1.78,2288,DISC10
1862,2,Suburb,2025-10-02,504,Folder,6,8.41,50.46,2189,DISC5
1863,1,Downtown,2025-10-15,503,Stapler,9,7.28,65.52,2405,OFFER20
1864,3,Airport,2025-10-25,505,Marker,9,1.87,16.83,2458,DISC5
1865,3,Airport,2025-10-15,502,Pen,4,3.16,12.64,2180,
1866,2,Suburb,2025-10-12,503,Stapler,7,3.78,26.46,2152,OFFER20
1867,1,Downtown,2025-10-21,504,Folder,8,9.59,76.72,2460,OFFER20
1868,2,Suburb,2025-10-01,506,Highlighter,7,9.12,63.84,2416,DISC5
1869,2,Suburb,2025-10-05,503,Stapler,7,9.19,64.33,2446,OFFER20
1870,2,Suburb,2025-10-17,501,Notebook,10,6.7,67.0,2318,OFFER20
1871,1,Downtown,2025-10-04,503,Stapler,8,5.38,43.04,2252,
1872,3,Airport,2025-10-19,506,Highlighter,5,9.96,49.8,2332,DISC10
1873,3,Airport,2025-10-10,502,Pen,1,6.38,6.38,2266,OFFER20
1874,3,Airport,2025-10-16,502,Pen,10,3.02,30.2,2144,
1875,2,Suburb,2025-10-04,506,Highlighter,7,2.42,16.94,2127,
1876,3,Airport,2025-10-27,502,Pen,8,6.0,48.0,2246,
1877,3,Airport,2025-10-25,506,Highlighter,5,5.83,29.15,2497,
1878,3,Airport,2025-10-06,506,Highlighter,5,8.39,41.95,2315,
1879,3,Airport,2025-10-25,503,Stapler,7,1.32,9.24,2112,
1880,3,Airport,2025-10-29,501,Notebook,5,3.39,16.95,2385,OFFER20
1881,3,Airport,2025-10-09,504,Folder,5,5.52,27.6,2474,DISC5
1882,1,Downtown,2025-10-03,504,Folder,2,8.3,16.6,2451,DISC5
1883,1,Downtown,2025-10-07,503,Stapler,3,2.98,8.94,2425,DISC5
1884,1,Downtown,2025-10-05,501,Notebook,3,3.28,9.84,2342,DISC10
1885,2,Suburb,2025-10-18,501,Notebook,8,7.7,61.6,2408,
1886,3,Airport,2025-10-10,506,Highlighter,3,7.18,21.54,2282,
1887,2,Suburb,2025-10-06,505,Marker,9,7.93,71.37,2073,
1888,3,Airport,2025-10-11,501,Notebook,9,3.75,33.75,2099,DISC10
1889,2,Suburb,2025-10-08,504,Folder,3,1.5,4.5,2091,DISC10
1890,2,Suburb,2025-10-16,503,Stapler,8,0.56,4.48,2486,OFFER20
1891,1,Downtown,2025-10-14,504,Folder,3,6.56,19.68,2287,DISC5
1892,1,Downtown,2025-10-21,505,Marker,1,1.95,1.95,2391,
1893,2,Suburb,2025-10-11,504,Folder,4,8.72,34.88,2102,DISC5
1894,3,Airport,2025-10-26,506,Highlighter,1,3.5,3.5,2468,
1895,2,Suburb,2025-10-03,501,Notebook,6,2.79,16.74,2453,OFFER20
1896,3,Airport,2025-10-23,501,Notebook,3,1.93,5.79,2473,OFFER20
1897,1,Downtown,2025-10-07,504,Folder,7,3.29,23.03,2159,
1898,3,Airport,2025-10-26,505,Marker,4,4.64,18.56,2329,
1899,2,Suburb,2025-10-12,502,Pen,10,1.8,18.0,2372,
1900,1,Downtown,2025-10-01,504,Folder,9,3.9,35.1,2028,
1901,1,Downtown,2025-10-17,501,Notebook,3,8.74,26.22,2344,DISC10
1902,3,Airport,2025-10-27,506,Highlighter,2,6.11,12.22,2062,DISC5
1903,3,Airport,2025-10-18,505,Marker,7,9.84,68.88,2099,
1904,1,Downtown,2025-10-20,505,Marker,5,9.64,48.2,2470,DISC10
1905,1,Downtown,2025-10-03,506,Highlighter,5,6.24,31.2,2117,
1906,2,Suburb,2025-10-07,501,Notebook,5,4.3,21.5,2194,DISC10
1907,2,Suburb,2025-10-07,504,Folder,10,6.55,65.5,2298,
1908,2,Suburb,2025-10-21,501,Notebook,9,8.06,72.54,2207,DISC10
1909,1,Downtown,2025-10-20,503,Stapler,10,2.19,21.9,2388,
1910,1,Downtown,2025-10-05,501,Notebook,9,1.83,16.47,2465,OFFER20
1911,1,Downtown,2025-10-07,506,Highlighter,7,2.73,19.11,2468,DISC5
1912,1,Downtown,2025-10-05,502,Pen,8,2.12,16.96,2118,
1913,2,Suburb,2025-10-23,504,Folder,10,1.88,18.8,2052,DISC5
1914,2,Suburb,2025-10-07,501,Notebook,3,1.57,4.71,2442,OFFER20
1915,1,Downtown,2025-10-10,503,Stapler,8,2.02,16.16,2077,OFFER20
1916,2,Suburb,2025-10-12,503,Stapler,1,9.31,9.31,2254,
1917,3,Airport,2025-10-01,503,Stapler,6,7.56,45.36,2341,OFFER20
1918,3,Airport,2025-10-26,505,Marker,10,9.4,94.0,2091,
1919,3,Airport,2025-10-17,502,Pen,10,1.49,14.9,2070,
1920,3,Airport,2025-10-06,502,Pen,8,4.48,35.84,2263,OFFER20
1921,1,Downtown,2025-10-09,503,Stapler,2,5.16,10.32,2045,
1922,1,Downtown,2025-10-12,505,Marker,4,0.67,2.68,2097,DISC10
1923,2,Suburb,2025-10-15,503,Stapler,10,2.88,28.8,2489,DISC10
1924,3,Airport,2025-10-02,505,Marker,1,7.98,7.98,2273,
1925,1,Downtown,2025-10-15,503,Stapler,2,3.69,7.38,2109,
1926,1,Downtown,2025-10-01,501,Notebook,2,6.5,13.0,2047,DISC10
1927,3,Airport,2025-10-14,502,Pen,4,4.52,18.08,2272,DISC10
1928,2,Suburb,2025-10-07,504,Folder,7,4.45,31.15,2386,DISC10
1929,2,Suburb,2025-10-28,504,Folder,5,1.6,8.0,2047,OFFER20
1930,3,Airport,2025-10-02,501,Notebook,9,8.44,75.96,2457,DISC10
1931,1,Downtown,2025-10-19,502,Pen,3,8.06,24.18,2138,DISC10
1932,3,Airport,2025-10-18,503,Stapler,2,4.15,8.3,2220,DISC10
1933,3,Airport,2025-10-16,504,Folder,7,7.74,54.18,2004,DISC10
1934,1,Downtown,2025-10-03,505,Marker,5,6.36,31.8,2448,DISC5
1935,3,Airport,2025-10-07,506,Highlighter,8,6.75,54.0,2124,
1936,2,Suburb,2025-10-22,502,Pen,2,1.03,2.06,2400,
1937,3,Airport,2025-10-07,504,Folder,4,4.11,16.44,2451,DISC5
1938,3,Airport,2025-10-20,504,Folder,7,7.32,51.24,2202,DISC5
1939,2,Suburb,2025-10-03,501,Notebook,3,1.84,5.52,2269,DISC10
1940,1,Downtown,2025-10-22,506,Highlighter,4,8.13,32.52,2479,DISC10
1941,3,Airport,2025-10-18,506,Highlighter,6,1.22,7.32,2194,DISC10
1942,3,Airport,2025-10-25,505,Marker,1,5.06,5.06,2114,DISC5
1943,2,Suburb,2025-10-25,505,Marker,6,5.03,30.18,2031,DISC10
1944,3,Airport,2025-10-17,505,Marker,9,1.8,16.2,2193,
1945,2,Suburb,2025-10-10,506,Highlighter,9,2.33,20.97,2287,
1946,1,Downtown,2025-10-11,505,Marker,5,6.21,31.05,2441,DISC10
1947,2,Suburb,2025-10-18,505,Marker,7,8.64,60.48,2022,
1948,3,Airport,2025-10-17,502,Pen,2,7.4,14.8,2307,
1949,2,Suburb,2025-10-14,504,Folder,2,2.33,4.66,2462,DISC5
1950,3,Airport,2025-10-27,504,Folder,8,2.49,19.92,2149,
1951,3,Airport,2025-10-04,505,Marker,8,3.84,30.72,2355,DISC5
1952,3,Airport,2025-10-04,504,Folder,5,7.5,37.5,2499,
1953,3,Airport,2025-10-13,503,Stapler,8,1.23,9.84,2396,OFFER20
1954,3,Airport,2025-10-25,504,Folder,4,1.99,7.96,2114,DISC5
1955,3,Airport,2025-10-26,506,Highlighter,2,2.88,5.76,2300,DISC10
1956,3,Airport,2025-10-15,504,Folder,5,3.22,16.1,2099,
1957,2,Suburb,2025-10-15,504,Folder,7,2.43,17.01,2142,
1958,1,Downtown,2025-10-26,504,Folder,8,2.85,22.8,2341,
1959,1,Downtown,2025-10-01,505,Marker,9,2.55,22.95,2341,
1960,2,Suburb,2025-10-08,502,Pen,5,6.61,33.05,2123,
1961,3,Airport,2025-10-28,501,Notebook,5,4.46,22.3,2183,DISC5
1962,3,Airport,2025-10-13,506,Highlighter,9,2.13,19.17,2050,
1963,1,Downtown,2025-10-01,501,Notebook,9,3.39,30.51,2496,DISC5
1964,3,Airport,2025-10-20,505,Marker,2,9.01,18.02,2048,OFFER20
1965,3,Airport,2025-10-13,505,Marker,2,1.76,3.52,2146,DISC5
1966,3,Airport,2025-10-10,504,Folder,4,5.06,20.24,2225,
1967,2,Suburb,2025-10-27,505,Marker,9,7.92,71.28,2341,OFFER20
1968,3,Airport,2025-10-13,501,Notebook,9,8.71,78.39,2456,DISC5
1969,2,Suburb,2025-10-30,502,Pen,6,1.54,9.24,2065,DISC5
1970,3,Airport,2025-10-11,506,Highlighter,1,2.56,2.56,2132,DISC5
1971,1,Downtown,2025-10-13,504,Folder,10,7.16,71.6,2310,DISC5
1972,2,Suburb,2025-10-21,501,Notebook,5,6.42,32.1,2411,DISC5
1973,3,Airport,2025-10-14,505,Marker,4,2.59,10.36,2457,OFFER20
1974,1,Downtown,2025-10-11,503,Stapler,10,2.41,24.1,2112,OFFER20
1975,1,Downtown,2025-10-03,505,Marker,4,5.78,23.12,2038,
1976,1,Downtown,2025-10-09,506,Highlighter,2,4.44,8.88,2178,
1977,1,Downtown,2025-10-20,504,Folder,1,9.77,9.77,2376,
1978,3,Airport,2025-10-07,504,Folder,4,5.14,20.56,2074,DISC5
1979,3,Airport,2025-10-12,506,Highlighter,10,6.53,65.3,2104,DISC5
1980,1,Downtown,2025-10-18,503,Stapler,9,0.86,7.74,2398,
1981,2,Suburb,2025-10-17,503,Stapler,3,3.02,9.06,2378,OFFER20
1982,3,Airport,2025-10-27,505,Marker,7,4.45,31.15,2496,DISC5
1983,3,Airport,2025-10-24,506,Highlighter,3,2.74,8.22,2042,OFFER20
1984,3,Airport,2025-10-24,504,Folder,4,2.18,8.72,2352,DISC10
1985,3,Airport,2025-10-22,502,Pen,7,7.87,55.09,2364,DISC10
1986,3,Airport,2025-10-27,502,Pen,5,1.64,8.2,2265,DISC10
1987,2,Suburb,2025-10-01,503,Stapler,7,4.07,28.49,2191,DISC5
1988,3,Airport,2025-10-11,505,Marker,6,5.58,33.48,2192,DISC10
1989,3,Airport,2025-10-18,503,Stapler,5,7.34,36.7,2403,
1990,2,Suburb,2025-10-29,505,Marker,5,5.88,29.4,2311,OFFER20
1991,3,Airport,2025-10-19,505,Marker,5,0.73,3.65,2327,
1992,2,Suburb,2025-10-04,501,Notebook,8,2.53,20.24,2044,DISC5
1993,2,Suburb,2025-10-26,501,Notebook,6,3.29,19.74,2149,DISC10
1994,1,Downtown,2025-10-26,506,Highlighter,9,1.22,10.98,2018,OFFER20
1995,1,Downtown,2025-10-09,504,Folder,5,9.81,49.05,2288,
1996,2,Suburb,2025-10-12,502,Pen,2,9.68,19.36,2265,
1997,2,Suburb,2025-10-13,503,Stapler,10,0.9,9.0,2237,OFFER20
1998,2,Suburb,2025-10-05,505,Marker,7,4.04,28.28,2395,DISC10
1999,1,Downtown,2025-10-15,505,Marker,7,2.71,18.97,2157,
2000,3,Airport,2025-10-18,501,Notebook,8,8.0,64.0,2498,OFFER20
